0,NKX23,KSCQLKKSLETAGDCKAAEESERPKPRSRRKPRVLFSQAQVFELERRFKQQRYLSAPEREHLASSLKLTSTQVKIWFQNRRYKCKRQRQDKSLELGAHAPPPPPRRVAVPVLVR
1,FLI1,SNPMNYNSYMDEKNGPPPPNMTTNERRVIVPADPTLWTQEHVRQWLEWAIKEYSLMEIDTSFFQNMDGKELCKMNKEDFLRATTLYNTEVLLSHLSYLRESSLLAYNTTSHTDQSSRLSVKEDPSYDSVRRGAWGNNMNSGLNKSPPLGGAQTISKNTEQRPQPDPYQILGPTSSRLANPGSGQIQLWQFLLELLSDSANASCITWEGTNGEFKMTDPDEVARRWGERKSKPNMNYDKLSRALRYYYDKNIMTKVHGKRYAYKFDFHGIAQALQPHPTESSMYK
2,MEIS2,GMDGVGVPASMYGDPHAPRPIPPVHHLNHGPPLHATQHYGAHAPHPNVMPASMGSAVNDALKRDKDAIYGHPLFPLLALVFEKCELATCTPREPGVAGGDVCSSDSFNEDIAVFAKQVRAEKPLFSSNPELDNLMIQAIQVLRFHLLELEKVHELCDNFCHRYISCLKGKMPIDLVIDERDGSSKSDHEELSGSSTNLADHNPSSWRDHDDATSTHSAGTPGPSSGGHASQSGDNSSEQGDGLDNSVASPGTGDDDDPDKDKKRQKKRGIFPKVATNIMRAWLFQHLTHPYPSEEQKKQLAQDTGLTILQVNNWFINARRRIVQPMIDQSNRAGFLLDPSVSQGAAYSPEGQPMGSFVLDGQQHMGI
3,CREB5,IYEESKMNLEQERPSVCSAPGCSQRFPTEDHLMIHRHKHEMTLKFPSIKTDNMLSDQTPTPTRFLKNCEEVGLFSELDCSLEHEFRKAQEEESSKRNISMHNAVGGAMTGPGTHQLSSARLPNHDTNVVIQQAMPSPQSSSVITQAPSTNRQIGPVPGSLSSLLHLHNRQRQPMPASMPGTLPNPTMPGSSAVLMPMERQMSVNSSIMGIEGPNLSNPCASPQVQPMHSEAKMRLKAALTHHPAAMSNGNMNTMGHMMEMMGSRQDQTPHHHMHSHPHQHQTLPPHHPYPHQHQHPAHHPHPQPHHQQNHPHHHSHSHLHAHPAHHQTSPHPPLHTGNQAQVSPATQQMQPTQTIQPPQPTGGRRRRVVDEDPDERRRKFLERNRAAATRCRQKRKVWVMSLEKKAEELTQTNMQLQNEVSMLKNEVAQLKQLLLTHKDCPITAMQKESQGYLSPESS
4,BHA15,AARAPGEGRRRRPGPSGPGGRRDSSIQRRLESNERERQRMHKLNNAFQALREVIPHVRADKKLSKIETLTLAKNYIKSLTATILTMSSSRLPGLEGPGPKLYQHYQQQQQVAGGA
5,PHX2B,DHQSSPYAAVPYKLFTDHGGLNEKRKQRRIRTTFTSAQLKELERVFAETHYPDIYTREELALKIDLTEARVQVWFQNRRAKFRKQERAAAAAAAAAKNGSSGKKSDSSRDDE
6,PAX2,DMHCKADPFSAMHPGHGGVNQLGGVFVNGRPLPDVVRQRIVELAHQGVRPCDISRQLRVSHGCVSKILGRYYETGSIKPGVIGGSKPKVATPKVVDKIAEYKRQNPTMFAWEIRDRLLAEGICDNDTVPSVSSINRIIRTKVQQPFHPTPDGAGTGVTAPGHTIVPSTASPPVSSASNDPVGSYSINGILGIPRSNGEKRKRDEVEVYTDPAHIRGGGGLHLVWTLRDVSEGSVPNGDSQSGVDSLRKHLRADTFTQQQLEALDRVFERPSYPDVFQASEHIKSEQGNEYSLP
7,TF2LX,DTSIMSRNNADTGRVLALPEHKKKRKGNLPAESVKILRDWMYKHRFKAYPSEEEKQMLSEKTNLSLLQISNWFINARRRILPDMLQQRRNDPIIGHKTGKDAHATHLQSTEASV
8,NFAC3,VPSPFTWSKPKPGHTPIFRTSSLPPLDWPLPAHFGQCELKIEVQPKTHHRAHYETEGSRGAVKASTGGHPVVKLLGYNEKPINLQMFIGTADDRYLRPHAFYQVHRITGKTVATASQEIIIASTKVLEIPLLPENNMSASIDCAGILKLRNSDIELRKGETDIGRKNTRVRLVFRVHIPQPSGKVLSLQIASIPVECSQRSAQELPHIEKYSINSCSVNGGHEMVVTGSNFLPESKIIFLEKGQDGRPQWEVEGKIIREKCQGAHIVLEVPPYHNPAVTAAVQVHFYLCNGKRKKSQSQRFTYTPVLMKQEHREEIDLSSVPS
9,IRX1,DLSLFSQMGSQYELKDNPGVHPATFAAHTAPAYYPYGQFQYGDPGRPKNATRESTSTLKAWLNEHRKNPYPTKGEKIMLAIITKMTLTQVSTWFANARRRLKKENKVTWGARSKDQEDGALFGSDTE
10,RFX5,SDNDKLYLYLQLPSGPTTGDKSSEPSTLSNEEYMYAYRWIRNHLEEHTDTCLPKQSVYDAYRKYCESLACCRPLSTANFGKIIREIFPDIKARRLGGRGQSKYCYSGIRRKTLVSMPPLPGLDLKGSESPEM
11,HES2,LPRRAGDAAELRKSLKPLLEKRRRARINQSLSQLKGLILPLLGRENSNCSKLEKADVLEMTVRFLQELPASSWPTAAPLPCDSYREGY
12,VENTX,GSSNLPAPERTMAGLSKEPNTLRAPRVRTAFTMEQVRTLEGVFQHHQYLSPLERKRLAREMQLSEVQIKTWFQNRRMKHKRQMQDPQLHSPFSGSLHAPPAFYSTSSGLAN
13,FOXI1,LGGSDLGWLPIPSQEELMKLVRPPYSYSALIAMAIHGAPDKRLTLSQIYQYVADNFPFYNKSKAGWQNSIRHNLSLNDCFKKVPRDEDDPGKGNYWTLDPNCEKMFDNGNFRRKRKRKSDVSSSTASLALEKTESSLPVDSPKTTEPQDILDGASPGGTTSSPEKRPSPPPSGAPCLNSFLSSMTAYVSGGSPTSHPLVTPGLSPEPSDKTGQNSLTFNSFSPLTNLSNH
14,RFX1,GSTGGGGSGAGTYVIQGGYMLGSASQSYSHTTRASPATVQWLLDNYETAEGVSLPRSTLYCHYLLHCQEQKLEPVNAASFGKLIRSVFMGLRTRRLGTRGNSKYHYYGLRIKASSPLLRLMEDQQHMAMRG
15,SOX11,ALDESDPDWCKTASGHIKRPMNAFMVWSKIERRKIMEQSPDMHNAEISKRLGKRWKMLKDSEKIPFIREAERLRLKHMADYPDYKYRPRKKPKMDPSAKPSASQSP
16,PITX1,KGPEDSGAGGTGCGGADDPAKKKKQRRQRTHFTSQQLQELEATFQRNRYPDMSMREEIAVWTNLTEPRVRVWFKNRRAKWRKRERNQQLDLCKGGYVPQFSGLVQPYEDVYA
17,PO2F3,LEASQHLPVPKHLPSSGGADEPSDLEELEKFAKTFKQRRIKLGFTQGDVGLAMGKLYGNDFSQTTISRFEALNLSFKNMCKLKPLLEKWLNDAESSPSDPSVSTPSSYPSLSEVFGRKRKKRTSIETNIRLTLEKRFQDNPKPSSEEISMIAEQLSMEKEVVRVWFCNRRQKEKRINCPVATPIKPPVYNSRLVS
18,HES5,PSTVAVELLSPKEKNRLRKPVVEKMRRDRINSSIEQLKLLLEQEFARHQPNSKLEKADILEMAVSYLKHSKAFVAAAGPKSLHQDYSEGYSWCLQEAVQFLTLHAASDTQMKL
19,ARGFX,TLLSKLECSGTVSAYCSLNLPGSTDPPTSASRVAATTAIRRRHKERTSFTHQQYEELEALFSQTMFPDRNLQEKLALRLDLPESTVKVWFRNRRFKLKKQQQQQSAKQRNQILPSKKNV
20,FOXD3,SGSAGGLAPSKPKNSLVKPPYSYIALITMAILQSPQKKLTLSGICEFISNRFPYYREKFPAWQNSIRHNLSLNDCFVKIPREPGNPGKGNYWTLDPQSEDMFDNGSFLRRRKRFKRHQQEHLREQTALMMQS
21,HXA2,PKPSPAGSRGSPVPAGALQPPEYPWMKEKKAAKKTALLPAAAAAATAAATGPACLSHKESLEIADGSGGGSRRLRTAYTNTQLLELEKEFHFNKYLCRPRRVEIAALLDLTERQVKVWFQNRRMKHKRQTQCKENQNSEGKCKSLEDSEKV
22,ALX3,PLDCRGGPRDGPSNLQGSPGPCLASLHLPLSPGLPDSMELAKNKSKKRRNRTTFSTFQLEELEKVFQKTHYPDVYAREQLALRTDLTEARVQVWFQNRRAKWRKRERYGKIQEGRNPFTAAYDISVLPRTDSHP
23,TFE3,KREISETEAKALLKERQKKDNHNLIERRRRFNINDRIKELGTLIPKSSDPEMRWNKGTILKASVDYIRKLQKEQQRSKDLESRQRSLEQANRSLQLRIQELELQAQI
24,HME2,ENDPKPGEAAAAVEGQRQPESSPGGGSGGGGGSSPGEADTGRRRALMLPAVLQAPGNHQHPHRITNFFIDNILRPEFGRRKDAGTCCAGAGGGRGGGAGGEGGASGAEGGGGAGGSEQLLGSGSREPRQNPPCAPGAGGPLPAAGSDSPGDGEGGSKTLSLHGGAKKGGDPGGPLDGSLKARGLGGGDLSVSSDSDSSQAGANLGAQPMLWPAWVYCTRYSDRPSSGPRSRKPKKKNPNKEDKRPRTAFTAEQLQRLKAEFQTNRYLTEQRRQSLAQELSLNESQIKIWFQNKRAKIKKATGNKNTLAVHLMAQGLYNHSTTAKEGKSDSE
25,ETV4,EGDIKQEGVGAFREGPPYQRRGALQLWQFLVALLDDPTNAHFIAWTGRGMEFKLIEPEEVARLWGIQKNRPAMNYDKLSRSLRYYYEKGIMQKVAGERYVYKFVCEPEALFSLAFPDNQRPALKAEFDRPVS
26,BHE40,PAHMYQVYKSRRGIKRSEDSKETYKLPHRLIEKKRRDRINECIAQLKDLLPEHLKLTTLGHLEKAVVLELTLKHVKALTNLIDQQQQKIIALQSGLQAGELSGRNVETGQEMFCS
27,MLX,GSTSASSVPNTDDEDSDYHQEAYKESYKDRRRRAHTQAEQKRRDAIKRGYDDLQTIVPTCQQQDFSIGSQKLSKAIVLQKTIDYIQFLHKEKKKQEEEVSTLRKDVTALKIMKVNYEQIVKAHQDNPHE
28,CREM,ADGTQQFFVPGSQVVVQAATGDMPTYQIRAPTAALPQGVVMAASPGSLHSPQQLAEEATRKRELRLMKNREAAKECRRRKKEYVKCLESRVAVLEVQNKKLIEELETLKDICSPKTDY
29,SRBP1,EKLPINRLAAGSKAPASAQSRGEKRTAHNAIEKRYRSSINDKIIELKDLVVGTEAKLNKSAVLRKAIDYIRFLQHSNQKLKQENLSLRTAVHKSKSLKDLVSACGSGGNTDVLMEGVK
30,FOXB1,PRPGRNTYSDQKPPYSYISLTAMAIQSSPEKMLPLSEIYKFIMDRFPYYRENTQRWQNSLRHNLSFNDCFIKIPRRPDQPGKGSFWALHPSCGDMFENGSFLRRRKRFKVLKSDHLAPSKPADAAQYL
31,ELF4,PVTDPSIPIRKKSKDGKGSTIYLWEFLLALLQDRNTCPKYIKWTQREKGIFKLVDSKAVSKLWGKQKNKPDMNYETMGRALRYYYQRGILAKVEGQRLVYQFKEMPKDLVVIEDEDESSEATAAPPQASTA
32,IRF8,CDRNGGRRLRQWLIEQIDSSMYPGLIWENEEKSMFRIPWKHAGKQDYNQEVDASIFKAWAVFKGKFKEGDKAEPATWKTRLRCALNKSPDFEEVTDRSQLDISEPYKVYRIVPEEEQKCKLGVATAGCVNEV
33,GATA4,LPGRANPGARHPNLDMFDDFSEGRECVNCGAMSTPLWRRDGTGHYLCNACGLYHKMNGINRPLIKPQRRLSASRRVGLSCANCQTTTTTLWRRNAEGEPVCNACGLYMKLHGVPRPLAMRKEGIQTRKRKPKNLNKSKTPAA
34,ATOH1,GVVVDELGCSRQRAPSSKQVNGVQKQRRLAANARERRRMHGLNHAFDQLRNVIPSFNNDKKLSKYETLQMAQIYINALSELLQTPSGGEQPPPPPASCKSDHHHLRTAASYEGG
35,ATF2,SARQYKDLWNMSDDKPFLCTAPGCGQRFTNEDHLAVHKHKHEMTLKFGPARNDSVIVADQTPTPTRFLKNCEEVGLFNELASPFENEFKKASEDDIKKMPLDLSPLATPIIRSKIEEPSVVETTHQDSPLPHPESTTSDEKEVPLAQTAQPTSAIVRPASLQVPNVLLTSSDSSVIIQQAVPSPTSSTVITQAPSSNRPIVPVPGPFPLLLHLPNGQTMPVAIPASITSSNVHVPAAVPLVRPVTMVPSVPGIPGPSSPQPVQSEAKMRLKAALTQQHPPVTNGDTVKGHGSGLVRTQSEESRPQSLQQPATSTTETPASPAHTTPQTQSTSGRRRRAANEDPDEKRRKFLERNRAAASRCRQKRKVWVQSLEKKAEDLSSLNGQLQSEVTLLRNEVAQLKQLLLAHKDCPVTAMQKKSGYHTAD
36,CLOCK,MSSIVDRDDSSIFDGLVEEDDKDKAKRVSRNKSEKKRRDQFNVLIKELGSMLPGNARKMDKSTVLQKSIDFLRKHKEITAQSDASEIRQDWKPTFLSNEEFTQLMLEALDGFFLAIMTDGSIIYV
37,DLX4,SVAAAYPLGLSPTTAASPNLSYSRPYGHLLSYPYTEPANPGDSYLSCQQPAALSQPLCGPAEHPQELEADSEKPRLSPEPSERRPQAPAKKLRKPRTIYSSLQLQHLNQRFQHTQYLALPERAQLAAQLGLTQTQVKIWFQNKRSKYKKLLKQNSGGQEGDFPGRTFSVSPCSPPLPSLWDLPKAGTLPTSGYGNSFGAWYQHHSSDVLASPQMM
38,CR3L1,PSSPVRPMARSSTAISTSPLLTAPHKLQGTSGPLLLTEEEKRTLIAEGYPIPTKLPLTKAEEKALKRVRRKIKNKISAQESRRKKKEYVECLEKKVETFTSENNELWKKVETLENANRTLLQQLQKLQTLVTNKISRPYKMAA
39,Nuclear,YIPENVSSSTLRSVSTGSSRPSKICLVCGDEASGCHYGVVTCGSCKVFFKRAVEGKCSWQHNYLCAGRNDCIIDKIRRKNCPACRLQKCLQAGMNLGARKSKKLGKLKGIHEEQPQQQQ
40,PIT1,AADFKQELRRKSKLVEEPIDMDSPEIRELEKFANEFKVRRIKLGYTQTNVGEALAAVHGSEFSQTTICRFENLQLSFKNACKLKAILSKWLEEAEQVGALYNEKVGANERKRKRRTTISIAAKDALERHFGEQNKPSSQEIMRMAEELNLEKEVVRVWFCNRRQREKRVKTSLNQSLFSISKEHLECR
41,VAX1,DCNKSKSNSAADPDYCRRILVRDAKGSIREIILPKGLDLDRPKRTRTSFTAEQLYRLEMEFQRCQYVVGRERTELARQLNLSETQVKVWFQNRRTKQKKDQGKDSELRSVVSETAATCSVLRLLEQG
42,MAF,GALHPHHAAGGLHFDDRFSDEQLVTMSVRELNRQLRGVSKEEVIRLKQKRRTLKNRGYAQSCRFKRVQQRHVLESEKNQLLQQVDHLKQEISRLVRERDAYKEKYEKLVSSGFRENGSSSDNPSSPEFF
43,MAFG,NKGNKALKVKREPGENGTSLTDEELVTMSVRELNQHLRGLSKEEIVQLKQRRRTLKNRGYAASCRVKRVTQKEELEKQKAELQQEVEKLASENASMKLELDALRSKYEALQTFARTVARSPVAPARGPLA
44,HXC11,LASRAEAGAEAEAEEENTNPSSSGSAHSVAKEPAKGAAPNAPRTRKKRCPYSKFQIRELEREFFFNVYINKEKRLQLSRMLNLTDRQVKIWFQNRRMKEKKLSRDRLQYFSGNPLL
45,PO4F2,QAALSMAHAHGLPSHMGCMSDVDADPRDLEAFAERFKQRRIKLGVTQADVGSALANLKIPGVGSLSQSTICRFESLTLSHNNMIALKPILQAWLEEAEKSHREKLTKPELFNGAEKKRKRTSIAAPEKRSLEAYFAIQPRPSSEKIAAIAEKLDLKKNVVRVWFCNQRQKQKRMKYSAGI
46,PROX1,LQDMSEISPYSGSAMQEGLSPNHLKKAKLMFFYTRYPSSNMLKTYFSDVKFNRCITSQLIKWFSNFREFYYIQMEKYARQAINDGVTSTEELSITRDCELYRALNMHYNKANDFEVPERFLEVAQITLREFFNAIIAGKDVDPSWKKAIYKVICKLDSEVPEIFKSPNCLQELLHE
47,TFEC,CPSSLPMKREITETDTRALAKERQKKDNHNLIERRRRYNINYRIKELGTLIPKSNDPDMRWNKGTILKASVEYIKWLQKEQQRARELEHRQKKLEQANRRLLLR
48,BARH1,SDSEYKVKEEGDREISSSRDSPPVRLKKPRKARTAFTDHQLAQLERSFERQKYLSVQDRMELAASLNLTDTQVKTWYQNRRTKWKRQTAVGLELLAEAGNYSALQRMFPSPYFY
49,CEBPB,PAPSQVKSKAKKTVDKHSDEYKIRRERNNIAVRKSRDKAKMRNLETQHKVLELTAENERLQKKVEQLSRELSTLRNLFKQLPEPLLASSGHC
50,IRX5,GSLGYHPYAAPLGSYPYGDPAYRKNATRDATATLKAWLNEHRKNPYPTKGEKIMLAIITKMTLTQVSTWFANARRRLKKENKMTWTPRNRSEDEEEEENIDLEKNDEDEP
51,RX,EYEAPRPYCPKEPWEARPSPGLPVGPATGEAKLSEEEQPKKKHRRNRTTFTTYQLHELERAFEKSHYPDVYSREELAGKVNLPEVRVQVWFQNRRAKWRRQEKLEVSSMKLQDSPLLSFSRSPPSATLSPLG
52,OLIG2,STSSSTSSAAASSTKKDKKQMTEPELQQLRLKINSRERKRMHDLNIAMDGLREVMPYAHGPSVRKLSKIATLLLARNYILMLTNSLEEMKRLVSEIYGGHHAGFHPSACGGLAHSAPLPA
53,TBX3,AHLRPLKTMEPEEEVEDDPKVHLEAKELWDQFHKRGTEMVITKSGRRMFPPFKVRCSGLDKKAKYILLMDIIAADDCRYKFHNSRWMVAGKADPEMPKRMYIHPDSPATGEQWMSKVVTFHKLKLTNNISDKHGFTLAFPSDHATWQGNYSFGTQTILNSMHKYQPRFHIVRANDILKLPYSTFRTYLFPETEFIAVTAYQNDKITQLKIDNNPFAKGFRDTGNGRREKRKQLTLQSMRVFD
54,ERG,SPDTVGMNYGSYMEEKHMPPPNMTTNERRVIVPADPTLWSTDHVRQWLEWAVKEYGLPDVNILLFQNIDGKELCKMTKDDFQRLTPSYNADILLSHLHYLRETPLPHLTSDDVDKALQNSPRLMHARNTDLPYEPPRRSAWTGHGHPTPQSKAAQPSPSTVPKTEDQRPQLDPYQILGPTSSRLANPGSGQIQLWQFLLELLSDSSNSSCITWEGTNGEFKMTDPDEVARRWGERKSKPNMNYDKLSRALRYYYDKNIMTKVHGKRYAYKFDFHGIAQALQPHPPESSLYKYPSDLPYMG
55,LMX1B,LSSVSPDESDSVKSEDEDGDMKPAKGQGSQSKGSGDDGKDPRRPKRPRTILTTQQRRAFKASFEVSSKPCRKVRETLAAETGLSVRVVQVWFQNQRAKMKKLARRHQQQQEQQNSQRLGQEVLSS
56,PO3F4,DHGELGSHHCQDHSDEETPTSDELEQFAKQFKQRRIKLGFTQADVGLALGTLYGNVFSQTTICRFEGLQLSFKNMCKLKPLLNKWLEEADSSTGSPTSIDKIAAQGRKRKKRTSIEVSVKGVLETHFLKCPKPAAQEISSLADSLQLEKEVVRVWFCNRRQKEKRMTPPGDQQPHEVYSHTVKTDTSC
57,NANOG,DSSTSPKGKQPTSAEKSVAKKEDKVPVKKQKTRTVFSSTQLCVLNDRFQRQKYLSLQQMQELSNILNLSYKQVKTWFQNQRMKSKRWQKNNWPKNSNGVTQKASAPTYPSLYSSYHQG
58,NFKB2,DFKLNSSIVEPKEPAPETADGPYLVIVEQPKQRGFRFRYGCEGPSHGGLPGASSEKGRKTYPTVKICNYEGPAKIEVDLVTHSDPPRAHAHSLVGKQCSELGICAVSVGPKDMTAQFNNLGVLHVTKKNMMGTMIQKLQRQRLRSRPQGLTEAEQRELEQEAKELKKVMDLSIVRLRFSAFLRASDGSFSLPLKPVISQPIHDSKSPGASNLKISRMDKTAGSVRGGDEVYLLCDKVQKDDIEVRFYEDDENGWQAFGDFSPTDVHKQYAIVFRTPPYHKMKIERPVTVFLQLKRKRGGDVSDSKQFTYYPLVEDKEEVQRKRRKALPTFSQ
59,SIX6,GRPLGPVDKYRVRKKFPLPRTIWDGEQKTHCFKERTRNLLREWYLQDPYPNPSKKRELAQATGLTPTQVGNWFKNRRQRDRAAAAKNRLQQQVLSQGSGRALRAEGDGTPEVLG
60,HXD10,SSPEVQEKESKEEIKSDTPTSNWLTAKSGRKKRCPYTKHQTLELEKEFLFNMYLTRERRLEISKSVNLTDRQVKIWFQNRRMKLKKMSRENRIRELTANLTFS
61,NFAC1,QHPYQWAKPKPLSPTSYMSPTLPALDWQLPSHSGPYELRIEVQPKSHHRAHYETEGSRGAVKASAGGHPIVQLHGYLENEPLMLQLFIGTADDRLLRPHAFYQVHRITGKTVSTTSHEAILSNTKVLEIPLLPENSMRAVIDCAGILKLRNSDIELRKGETDIGRKNTRVRLVFRVHVPQPSGRTLSLQVASNPIECSQRSAQELPLVEKQSTDSYPVVGGKKMVLSGHNFLQDSKVIFVEKAPDGHHVWEMEAKTDRDLCKPNSLVVEIPPFRNQRITSPVHVSFYVCNGKRKRSQYQRFTYLPANVPIIKTEPTDDYEPAPTCGPVSQGLSPLPR
62,SRBP2,MGQEKVPIKQVPGGVKQLEPPKEGERRTTHNIIEKRYRSSINDKIIELKDLVMGTDAKMHKSGVLRKAIDYIKYLQQVNHKLRQENMVLKLANQKNKLLKGIDLGSLVDNEVDLKIEDF
63,TFAP4,GGLCSLANIPLTPETQRDQERRIRREIANSNERRRMQSINAGFQSLKTLIPHTDGEKLSKAAILQQTAEYIFSLEQEKTRLLQQNTQLKRFIQELSGSSPKRRRAEDKDEGIGSPDI
64,ELF2,TQQSPISNGSPELGIKKKPREGKGNTTYLWEFLLDLLQDKNTCPRYIKWTQREKGIFKLVDSKAVSKLWGKHKNKPDMNYETMGRALRYYYQRGILAKVEGQRLVYQFKDMPKNIVVIDDDKSETCNEDLAGTTDEKSLERVSLS
65,MYBA,KRSRSEDEDDDLQYADHDYEVPQQKGLKKLWNRVKWTRDEDDKLKKLVEQHGTDDWTLIASHLQNRSDFQCQHRWQKVLNPELIKGPWTKEEDQRVIELVQKYGPKRWSLIAKHLKGRIGKQCRERWHNHLNPEVKKSSWTEEEDRIIYEAHKRLGNRWAEIAKLLPGRTDNSIKNHWNSTMRRKVEQEGYLQDGIKSERSSSKLQH
66,EVX2,NSAGNAVLEALENSQHPARLSPRLPSAPLHSALGELPAKGKFEIDTLFNLQHTGSESTVSSEISSAAESRKKPGHYSEAAAEADMSSDVEVGCSALRSPGGLGAAQLKENNGKGYAESGSAAGTTTSASGSGLGSLHGGSGGSGGSAALGGSGSGADQVRRYRTAFTREQIARLEKEFYRENYVSRPRRCELAAALNLPETTIKVWFQNRRMKDKRQRLAMSWPHPADPSFYTYMMTHAAATGSLPYPF
67,HXD9,SACSDHPIPGCSLKEEEKQHSQPQQQQLDPNNPEANWIHARSTRKKRCPYTKYQTLELEKEFLFNMYLTRDRRYEVARILNLTERQVKIWFQNRRMKMKKMSKEKCPKGD
68,PO4F1,DSDTDPRELEAFAERFKQRRIKLGVTQADVGSALANLKIPGVGSLSQSTICRFESLTLSHNNMIALKPILQAWLEEAEGAQREKMNKPELFNGGEKKRKRTSIAAPEKRSLEAYFAVQPRPSSEKIAAIAEKLDLKKNVVRVWFCNQRQKQKRMKFSATY
69,RUNX3,ENSGALSAQAAVGPGGRARPEVRSMVDVLADHAGELVRTDSPNFLCSVLPSHWRCNKTLPVAFKVVALGDVPDGTVVTVMAGNDENYSAELRNASAVMKNQVARFNDLRFVGRSGRGKSFTLTITVFTNPTQVATYHRAIKVTVDGPREPRRHRQKLEDQTKPFPDRFGDLERLR
70,FOXK2,ADNSQPENEKEASGGDSPKDDSKPPYSYAQLIVQAITMAPDKQLTLNGIYTHITKNYPYYRTADKGWQNSIRHNLSLNRYFIKVPRSQEEPGKGSFWRIDPASESKLIEQAFRKRRPRGVPCFRTPLGPLSSRSAPA
71,FOXO1,LCGDFQGPEAGCLHPAPPQPPPPGPLSQHPPVPPAAAGPLAGQPRKSSSSRRNAWGNLSYADLITKAIESSAEKRLTLSQIYEWMVKSVPYFKDKGDSNSSAGWKNSIRHNLSLHSKFIRVQNEGTGKSSWWMLNPEGGKSGKSPRRRAASMDNNSKFAKSRSRAAKKKASLQSGQEGAGDS
72,HXC10,PSESEKERAKAADSSPDTSDNEAKEEIKAENTTGNWLTAKSGRKKRCPYTKHQTLELEKEFLFNMYLTRERRLEISKTINLTDRQVKIWFQNRRMKLKKMNRENRIRELTSNFNFT
73,VSX1,LAPSRPPPALGRQKRSDSVSTSDEDSQSEDRNDLKASPTLGKRKKRRHRTVFTAHQLEELEKAFSEAHYPDVYAREMLAVKTELPEDRIQVWFQNRRAKWRKREKRWGGSSVMAEYGLYGAMVRHCIPLPDSV
74,DLX1,MTTMPESLNSPVSGKAVFMEFGPPNQQMSPSPMSHGHYSMHCLHSAGHSQPDGAYSSASSFSRPLGYPYVNSVSSHASSPYISSVQSYPGSASLAQSRLEDPGADSEKSTVVEGGEVRFNGKGKKIRKPRTIYCSLQLQALNRRFQQTQYLALPERAELAASLGLTQTQVKIWFQNKRSKFKKLMKQGGAALEGSALANGRALSAGSPPVP
75,AP2C,LNLPCQKELVGAVMNPTEVFCSVPGRLSLLSSTSKYKVTVAEVQRRLSPPECLNASLLGGVLRRAKSKNGGRSLREKLDKIGLNLPAGRRKAAHVTLLTSLVEGEAVHLARDFAYVCEAEFPSKPVAEYLTRPHLGGRNEMAARKNMLLAAQQLCKEFTELLSQDRTPHGTSRLAPVLETNIQNCLSHFSLITHGFGSQAICAAVSALQNYIKEALIVIDKSYMNPGDQSPADSNKTLEK
76,ZIC1,PIKQELICKWIEPEQLANPKKSCNKTFSTMHELVTHVTVEHVGGPEQSNHICFWEECPREGKPFKAKYKLVNHIRVHTGEKPFPCPFPGCGKVFARSENLKIHKRTHTGEKPFKCEFEGCDRRFANSSDRKKHMHVHTSDKPYLCKMCDKSYTHPSSVRKHMKVHESSSQGSQPSPAASSGYESSTP
77,GLI3,LVKEEGDKDESKQEPEVIYETNCHWEGCAREFDTQEQLVHHINNDHIHGEKKEFVCRWLDCSREQKPFKAQYMLVVHMRRHTGEKPHKCTFEGCTKAYSRLENLKTHLRSHTGEKPYVCEHEGCNKAFSNASDRAKHQNRTHSNEKPYVCKIPGCTKRYTDPSSLRKHVKTVHGPEAHVTKKQRGDIHPRPPPPRDSG
78,HXD3,KGGPNASSSSATISKQIFPWMKESRQNSKQKNSCATAGESCEDKSPPGPASKRVRTAYTSAQLVELEKEFHFNRYLCRPRRVEMANLLNLTERQIKIWFQNRRMKYKKDQKAKGILHSPASQSPERSPPL
79,SOX2,GGGNSTAAAAGGNQKNSPDRVKRPMNAFMVWSRGQRRKMAQENPKMHNSEISKRLGAEWKLLSETEKRPFIDEAKRLRALHMKEHPDYKYRPRRKTKTLMKKDKYTLPGG
80,RFX2,SPIVSSAGAYLIHGGMDSTRHSLAHTSRSSPATLEMAIENLQKSEGITSHKSGLLNSHLQWLLDNYETAEGVSLPRSSLYNHYLRHCQEHKLDPVNAASFGKLIRSVFMGLRTRRLGTRGNSKYHYYGIRLKPDSPLNRLQEDTQYMAM
81,MSX2,TASVKSENSEDGAAWMQEPGRYSPPPRHTSPTTCTLRKHKTNRKPRTPFTTSQLLALERKFRQKQYLSIAERAEFSSSLNLTETQVKIWFQNRRAKAKRLQEAELEKLKMAAKPMLPSSFSLPFPISS
82,XBP1,TPKVLLLSGQPASAAGAPAGQALPLMVPAQRGASPEAASGGLPQARKRQRLTHLSPEEKALRRKLKNRVAAQTARDRKKARMSELEQQVVDLEEENQKLLLENQLLREKTHGLVVENQELRQRLGMDALVAEEEAEAK
83,JUND,GGAATVAFAAEPVPFPPPPPPGALGPPRLAALKDEPQTVPDVPSFGESPPLSPIDMDTQERIKAERKRLRNRIAASKCRKRKLERISRLEEKVKTLKSQNTELASTASLLREQVAQLKQKVLSHVNSGCQLLPQHQVPAY
84,DLX5,GVFDRRVPSIRSGDFQAPFQTSAAMHHPSQESPTLPESSATDSDYYSPTGGAPHGYCSPTSASYGKALNPYQYQYHGVNGSAGSYPAKAYADYSYASSYHQYGGAYNRVPSATNQPEKEVTEPEVRMVNGKPKKVRKPRTIYSSFQLAALQRRFQKTQYLALPERAELAASLGLTQTQVKIWFQNKRSKIKKIMKNGEMPPEHSPSSSDPMACNSPQSPAVW
85,Nuclear,QSPSYSQKKGYIPSYLDKDELCVVCGDKATGYHYRCITCEGCKGFFRRTIQKNLHPSYSCKYEGKCVIDKVTRNQCQECRFKKCIYVGMATDLVLDDSKRLAKRKLIEENREKRR
86,OTX1,YGMNGLGLAGPAMDLLHPSVGYPATPRKQRRERTTFTRSQLDVLEALFAKTRYPDIFMREEVALKINLPESRVQVWFKNRRAKCRQQQQSGSGTKSRPAKKKSSPVRESSGSESSGQ
87,CREB1,QYAQTTDGQQILVPSNQVVVQAASGDVQTYQIRTAPTSTIAPGVVMASSPALPTQPAEEAARKREVRLMKNREAARECRRKKKEYVKCLENRVAVLENQNKTLIEELKALKDLYCHKSD
88,FOXE1,VPGEATGRGAGGRRRKRPLQRGKPPYSYIALIAMAIAHAPERRLTLGGIYKFITERFPFYRDNPKKWQNSIRHNLTLNDCFLKIPREAGRPGKGNYWALDPNAEDMFESGSFLRRRKRFKRSDLSTYPAYMHDA
89,PROP1,PPCRRLPGAGGGRSRFSPQGGQRGRPHSRRRHRTTFSPVQLEQLESAFGRNQYPDIWARESLARDTGLSEARIQVWFQNRRAKQRKQERSLLQPLAHLSPAAFSSFLPESTACPY
90,SOX7,SDGQSPPAVPRPPGDKGSESRIRRPMNAFMVWAKDERKRLAVQNPDLHNAELSKMLGKSWKALTLSQKRPYVDEAERLRLQHMQDYPNYKYRPRRKKQAKRLCKRVDPGFLL
91,NFAC4,LAWSKARIGGHSPIFRTSALPPLDWPLPSQYEQLELRIEVQPRAHHRAHYETEGSRGAVKAAPGGHPVVKLLGYSEKPLTLQMFIGTADERNLRPHAFYQVHRITGKMVATASYEAVVSGTKVLEMTLLPENNMAANIDCAGILKLRNSDIELRKGETDIGRKNTRVRLVFRVHVPQGGGKVVSVQAASVPIECSQRSAQELPQVEAYSPSACSVRGGEELVLTGSNFLPDSKVVFIERGPDGKLQWEEEATVNRLQSNEVTLTLTVPEYSNKRVSRPVQVYFYVSNGRRKRSPTQSFRFLPVICKEEPLPDSSLRGF
92,PO2F2,DPHLSHPQPPKCLEPPSHPEEPSDLEELEQFARTFKQRRIKLGFTQGDVGLAMGKLYGNDFSQTTISRFEALNLSFKNMCKLKPLLEKWLNDAETMSVDSSLPSPNQLSSPSLGFDGLPGRRRKKRTSIETNVRFALEKSFLANQKPTSEEILLIAEQLHMEKEVIRVWFCNRRQKEKRINPCSAAPMLPSPGKPASYSPHM
93,Nuclear,SQLLDTQVPSPPSRGSPSNEGLCAVCGDNAACQHYGVRTCEGCKGFFKRTVQKNAKYVCLANKNCPVDKRRRNRCQYCRFQKCLAVGMVKEVVRTDSLKGRRGRLPSKPKSPQ
94,HXB13,QSWALAGGWNSQMCCQGEQNPPGPFWKAAFADSSGQHPPDACAFRRGRKKRIPYSKGQLRELEREYAANKFITKDKRRKISAATSLSERQITIWFQNRRVKEKKVLAKVKNSATP
95,PRRX1,ESPGLTSGSDTPQQDNDQLNSEEKKKRKQRRNRTTFNSSQLQALERVFERTHYPDAFVREDLARRVNLTEARVQVWFQNRRAKFRRNERAMLANKNASLLKSYSGDVTAVEQPIVP
96,FOXA2,YGQAGLSRARDPKTYRRSYTHAKPPYSYISLITMAIQQSPNKMLTLSEIYQWIMDLFPFYRQNQQRWQNSIRHSLSFNDCFLKVPRSPDKPGKGSFWTLHPDSGNMFENGCYLRRQKRFKCEKQLALKEAAGAA
97,SRF,GYGPVSGAVSGAKPGKKTRGRVKIKMEFIDNKLRRYTTFSKRKTGIMKKAYELSTLTGTQVLLLVASETGHVYTFATRKLQPMITSETGKALIQTCLNSPDSPPRSDPTTDQRMSATGFE
98,DLX2,ESPTLPVSTATDSSYYTNQQHPAGGGGGGGSPYAHMGSYQYQASGLNNVPYSAKSSYDLGYTAAYTSYAPYGTSSSPANNEPEKEDLEPEIRIVNGKPKKVRKPRTIYSSFQLAALQRRFQKTQYLALPERAELAASLGLTQTQVKIWFQNRRSKFKKMWKSGEIPSEQHPGASASPPCASPPVSA
99,ELF5,DPLMSWTDLFSNEEYYPAFEHQTACDSYWTSVHPEYWTKRHVWEWLQFCCDQYKLDTNCISFCNFNISGLQLCSMTQEEFVEAAGLCGEYLYFILQNIRTQGYSFFNDAEESKATIKDYADSNCLKTSGIKSQDCHSHSRTSLQSSHLWEFVRDLLLSPEENCGILEWEDREQGIFRVVKSEALAKMWGQRKKNDRMTYEKLSRALRYYYKTGILERVDRRLVYKFGKNAHGWQEDKL
100,SOX14,SKPSDHIKRPMNAFMVWSRGQRRKMAQENPKMHNSEISKRLGAEWKLLSEAEKRPYIDEAKRLRAQHMKEHPDYKYRPRRKPKNLLKKDRYVFPLP
101,CDX1,YVGYVLDKDSPVYPGPARPASLGLGPANYGPPAPPPAPPQYPDFSSYSHVEPAPAPPTAWGAPFPAPKDDWAAAYGPGPAAPAASPASLAFGPPPDFSPVPAPPGPGPGLLAQPLGGPGTPSSPGAQRPTPYEWMRRSVAAGGGGGSGKTRTKDKYRVVYTDHQRLELEKEFHYSRYITIRRKSELAANLGLTERQVKIWFQNRRAKERKVNKKKQQQQQPPQPPMAHDITATPAGPSLGGLCPSNTSLL
102,HEN1,PEPGEPGRKDLQHLSREERRRRRRATAKYRTAHATRERIRVEAFNLAFAELRKLLPTLPPDKKLSKIEILRLAICYISYLNHVLDV
103,SOX10,YDWTLVPMPVRVNGASKSKPHVKRPMNAFMVWAQAARRKLADQYPHLHNAELSKTLGKLWRLLNESDKRPFIEEAERLRMQHKKDHPDYKYQPRRRKNGKAAQGEAECP
104,ARX,SPKEELLLHPEDAEGKDGEDSVCLSAGSDSEEGLLKRKQRRYRTTFTSYQLEELERAFQKTHYPDVFTREELAMRLDLTEARVQVWFQNRRAKWRKREKAGAQTHPPGLPFPGPLSATHPLSPYLDASP
105,NKX24,SSISRFMGPSAGVNVAGMGSLTGIADAAKSLGPLHAAAAAAAPRRKRRVLFSQAQVYELERRFKQQKYLSAPEREHLASMIHLTPTQVKIWFQNHRYKMKRQAKDKAAQQLQQEGGLGPPPPPPPSPRRVAVPV
106,MYCN,KSVIPPKAKSLSPRNSDSEDSERRRNHNILERQRRNDLRSSFLTLRDHVPELVKNEKAAKVVILKKATEYVHSLQAEEHQLLLEKEKLQARQQQLLKKIEHARTC
107,CEBPE,NPLQYQVAHCGQTAMHLPPTLAAPGQPLRVLKAPLATAAPPCSPLLKAPSPAGPLHKGKKAVNKDSLEYRLRRERNNIAVRKSRDKAKRRILETQQKVLEYMAENERLRSRVEQLTQELDTLRNLFRQIPEAANLIKGVGGCS
108,PAX1,EQTYGEVNQLGGVFVNGRPLPNAIRLRIVELAQLGIRPCDISRQLRVSHGCVSKILARYNETGSILPGAIGGSKPRVTTPNVVKHIRDYKQGDPGIFAWEIRDRLLADGVCDKYNVPSVSSISRILRNKIGSLAQPGPYEASKQPPSQPTLPYN
109,LBX2,DILAPRMVPRAPSAPQLPESGPGPTSPLCALEELTSKTFRGLDARALQPSEGRAGPDALGPGPFGRKRRKSRTAFTAQQVLELERRFVFQKYLAPSERDGLATRLGLANAQVVTWFQNRRAKLKRDVEEMRADVASLRALSPEVLCSLALPEGAPDPG
110,IRF3,TPKPRILPWLVSQLDLGQLEGVAWVNKSRTRFRIPWKHGLRQDAQQEDFGIFQAWAEATGAYVPGRDKPDLPTWKRNFRSALNRKEGLRLAEDRSKDPHDPHKIYEFVNSGVGDFSQPDTSPDTNGGG
111,MYOG,DKGLGTPEHCPGQCLPWACKVCKRKSVSVDRRRAATLREKRRLKKVNEAFEALKRSTLLNPNQRLPKVEILRSAIQYIERLQALLSSLNQEERDLRYRGGGGPQPGVPSECSSH
112,ZIC4,FFRYMRQPIKQELICKWLAADGTATPSLCSKTFSTMHELVTHVTVEHVGGPEQANHICFWEECPRQGKPFKAKYKLVNHIRVHTGEKPFPCPFPGCGKVFARSENLKIHKRTHTGEKPFRCEFEGCERRFANSSDRKKHSHVHTSDKPYTCKVRGCDKCYTHPSSLRKHMKVHGRSPPPSSGYDSATPSALVSP
113,PO4F3,MSHPHTVAPHSAMPACLSDVESDPRELEAFAERFKQRRIKLGVTQADVGAALANLKIPGVGSLSQSTICRFESLTLSHNNMIALKPVLQAWLEEAEAAYREKNSKPELFNGSERKRKRTSIAAPEKRSLEAYFAIQPRPSSEKIAAIAEKLDLKKNVVRVWFCNQRQKQKRMKYSAVH
114,CR3L4,VSELPFDAHAHILPRAGTVAPVPCTTLLPCQTLFLTDEEKRLLGQEGVSLPSHLPLTKAEERVLKKVRRKIRNKQSAQDSRRRKKEYIDGLESRVAACSAQNQELQKKVQELERHNISLVAQLRQLQTLIAQTSNKAAQTST
115,TF2LY,DTSIMSRNNADTGRVLALPEHKKKRKGNLPAESVKILRDWMYKHRFKAYPSEEEKQMLSEKTNLSLLQISNWFINARRRILPDMLQQRRNDPIIGHKTGKDAHATHLQSTEASV
116,ELK3,SAITLWQFLLQLLLDQKHEHLICWTSNDGEFKLLKAEEVAKLWGLRKNKTNMNYDKLSRALRYYYDKNIIKKVIGQKFVYKFVSFPEILKMDPHAVEISRESLLLQD
117,FEV,LFKDGKNPSWGPLSPAVQKGSGQIQLWQFLLELLADRANAGCIAWEGGHGEFKLTDPDEVARRWGERKSKPNMNYDKLSRALRYYYDKNIMSKVHGKRYAYRFDFQGLAQACQPPPAHAHAAAAAA
118,MSX1,LVKAESPEKPERTPWMQSPRFSPPPARRLSPPACTLRKHKTNRKPRTPFTTAQLLALERKFRQKQYLSIAERAEFSSSLSLTETQVKIWFQNRRAKAKRLQEAELEKLKMAAKPMLPPAAFGLSFPLG
119,GATA6,GAPLPVPRGPSADLLEDLSESRECVNCGSIQTPLWRRDGTGHYLCNACGLYSKMNGLSRPLIKPQKRVPSSRRLGLSCANCHTTTTTLWRRNAEGEPVCNACGLYMKLHGVPRPLAMKKEGIQTRKRKPKNINKSKTCSGNSN
120,ISL1,PLQMAAEPISARQPALRPHVHKQPEKTTRVRTVLNEKQLHTLRTCYAANPRPDALMKEQLVEMTGLSPRVIRVWFQNKRCKDKKRSIMMKQLQQQQPNDKTNIQGMTGTPMV
121,RFX3,VTGGQLISSSGGTYLIGNSMENSGHSVTHTTRASPATIEMAIETLQKSDGLSTHRSSLLNSHLQWLLDNYETAEGVSLPRSTLYNHYLRHCQEHKLDPVNAASFGKLIRSIFMGLRTRRLGTRGNSKYHYYGIRVKPDSPLNRLQEDMQYMAMRQQP
122,ITF2,LDDDKKDIKSITSNNDDEDLTPEQKAEREKERRMANNARERLRVRDINEAFKELGRMVQLHLKSDKPQTKLLILHQAVAVILSLEQQVRERNLNPKAACLKRREEEKVSSEPPPLSLAGPHPGMGDASN
123,SHOX,GIYECKEKREDVKSEDEDGQTKLKQRRSRTNFTLEQLNELERLFDETHYPDAFMREELSQRLGLSEARVQVWFQNRRAKCRKQENQMHKGVILGTANHLDACRVAPYVNMGAL
124,TBX4,GADVVAAAAAEQTIENIKVGLHEKELWKKFHEAGTEMIITKAGRRMFPSYKVKVTGMNPKTKYILLIDIVPADDHRYKFCDNKWMVAGKAEPAMPGRLYVHPDSPATGAHWMRQLVSFQKLKLTNNHLDPFGHIILNSMHKYQPRLHIVKADENNAFGSKNTAFCTHVFPETSFISVTSYQNHKITQLKIENNPFAKGFRGSDDSDLRVARLQSKEYPVIS
125,MEIS3,SDSFNEDIAAFAKQVRSERPLFSSNPELDNLMIQAIQVLRFHLLELEKVHDLCDNFCHRYITCLKGKMPIDLVIEDRDGGCREDFEDYPASCPSLPDQNNMWIRDHEDSGSVHLGTPGPSSGGLASQSGDNSSDQGDGLDTSVASPSSGGEDEDLDQERRRNKKRGIFPKVATNIMRAWLFQHLSRRSEAPVLPDVCLGLGSPSPGPRWARPWGSDCGRPGRQSDSCWWLQHPYPSEEQKKQLAQDTGLTILQVNNWFINARRRIVQPMIDQSNRTGQGAAFSPEGQPIGGYTETQPHVAVR
126,SOX12,EEGAREPGWCKTPSGHIKRPMNAFMVWSQHERRKIMDQWPDMHNAEISKRLGRRWQLLQDSEKIPFVREAERLRLKHMADYPDYKYRPRKKSKGAPAKARPRPPGGS
127,PO3F2,TAASNHYSLLTSSASIVHAEPPGGMQQGAGGYREAQSLVQGDYGALQSNGHPLSHAHQWITALSHGGGGGGGGGGGGGGGGGGGGGDGSPWSTSPLGQPDIKPSVVVQQGGRGDELHGPGALQQQHQQQQQQQQQQQQQQQQQQQQQRPPHLVHHAANHHPGPGAWRSAAAAAHLPPSMGASNGGLLYSQPSFTVNGMLGAGGQPAGLHHHGLRDAHDEPHHADHHPHPHSHPHQQPPPPPPPQGPPGHPGAHHDPHSDEDTPTSDDLEQFAKQFKQRRIKLGFTQADVGLALGTLYGNVFSQTTICRFEALQLSFKNMCKLKPLLNKWLEEADSSSGSPTSIDKIAAQGRKRKKRTSIEVSVKGALESHFLKCPKPSAQEITSLADSLQLEKEVVRVWFCNRRQKEKRMTPPGGTLPGAEDVYGGSRDTPPHHGVQT
128,TFEB,VTSSSCPADLTQKRELTDAESRALAKERQKKDNHNLIERRRRFNINDRIKELGMLIPKANDLDVRWNKGTILKASVDYIRRMQKDLQKSRELENHSRRLEMTNKQLWLRIQELEMQARVHGLPTTSPSGMNMA
129,HMBX1,STSNGKMSPTRYHANSMGQRSYSFEASEEDLDVDDKVEELMRRDSSVIKEEIKAFLANRRISQAVVAQVTGISQSRISHWLLQQGSDLSEQKKRAFYRWYQLEKTNPGATLSMRPAPIPIEDPEWRQTPPPVSATSGTFRLRRGSRFTWRKECLAVMESYFNENQYPDEAKREEIANACNAVIQKPGKKLSDLERVTSLKVYNWFANRRKEIKRRANIEAAILESHGIDVQSPGGHSNSDDVDGND
130,VAX2,RILVRDAKGTIREIVLPKGLDLDRPKRTRTSFTAEQLYRLEMEFQRCQYVVGRERTELARQLNLSETQVKVWFQNRRTKQKKDQSRDLEKRASSSASEAFATSNILRLLE
131,TBX2,HLRSLKSLEPEDEVEDDPKVTLEAKELWDQFHKLGTEMVITKSGRRMFPPFKVRVSGLDKKAKYILLMDIVAADDCRYKFHNSRWMVAGKADPEMPKRMYIHPDSPATGEQWMAKPVAFHKLKLTNNISDKHGFTILNSMHKYQPRFHIVRANDILKLPYSTFRTYVFPETDFIAVTAYQNDKITQLKIDNNPFAKGFRDTGNGRREKRKQLTLPSLRLYEEH
132,GATA3,SLLGGSPTGFGCKSRPKARSSTGRECVNCGATSTPLWRRDGTGHYLCNACGLYHKMNGQNRPLIKPKRRLSAARRAGTSCANCQTTTTTLWRRNANGDPVCNACGLYYKLHNINRPLTMKKEGIQTRNRKMSSKSKKCKKVHDS
133,MIXL1,DPGPAPPPPASLGSPAPPKGAAAPSASQRRKRTSFSAEQLQLLELVFRRTRYPDIHLRERLAALTLLPESRIQVWFQNRRAKSRRQSGKSFQPLARPEIILNHCAPGTETKCLK
134,MAFA,HHHHGGAGHGGGAGHHVRLEERFSDDQLVSMSVRELNRQLRGFSKEEVIRLKQKRRTLKNRGYAQSCRFKRVQQRHILESEKCQLQSQVEQLKLEVGRLAKERDLYKEKYEKLAGRGGPGSAGGAGFPREPS
135,OTX2,SYLKQPPYAVNGLSLTTSGMDLLHPSVGYPGPWASCPAATPRKQRRERTTFTRAQLDVLEALFAKTRYPDIFMREEVALKINLPESRVQVWFKNRRAKCRQQQQQQQNGGQNKVRPAKKKTSPAREVS
136,ESX1,SLRGYTHSDIGYRSLAVGEDIEEVNDEKLTVTSLMARGGEDEENTRSKPEYGTEAENNVGTEGSVPSDDQDREGGGGHEPEQQQEEPPLTKPEQQQEEPPLLELKQEQEEPPQTTVEGPQPAEGPQTAEGPQPPERKRRRRTAFTQFQLQELENFFDESQYPDVVARERLAARLNLTEDRVQVWFQNRRAKWKRNQRVLMLRNTATADLAHPLDMFLGGAYYAA
137,NFAC2,LVPPTWPKPLVPAIPICSIPVTASLPPLEWPLSSQSGSYELRIEVQPKPHHRAHYETEGSRGAVKAPTGGHPVVQLHGYMENKPLGLQIFIGTADERILKPHAFYQVHRITGKTVTTTSYEKIVGNTKVLEIPLEPKNNMRATIDCAGILKLRNADIELRKGETDIGRKNTRVRLVFRVHIPESSGRIVSLQTASNPIECSQRSAHELPMVERQDTDSCLVYGGQQMILTGQNFTSESKVVFTEKTTDGQQIWEMEATVDKDKSQPNMLFVEIPEYRNKHIRTPVKVNFYVINGKRKRSQPQHFTYHPVPAIKTEPTDEYDPTL
138,EOMES,GSCGGLGGLGVPSSGFRAHVYLCNRPLWLKFHRHQTEMIITKQGRRMFPFLSFNINGLNPTAHYNVFVEVVLADPNHWRFQGGKWVTCGKADNNMQGNKMYVHPESPNTGSHWMRQEISFGKLKLTNNKGANNNNTQMIVLQSLHKYQPRLHIVEVTEDGVEDLNEPSKTQTFTFSETQFIAVTAYQNTDITQLKIDHNPFAKGFRDNYDSSHQIVPGGRYGVQ
139,AP2B,SLMMNKDGFLGGMSVNTGEVFCSVPGRLSLLSSTSKYKVTVGEVQRRLSPPECLNASLLGGVLRRAKSKNGGRSLRERLEKIGLNLPAGRRKAANVTLLTSLVEGEAVHLARDFGYICETEFPAKAVSEYLNRQHTDPSDLHSRKNMLLATKQLCKEFTDLLAQDRTPIGNSRPSPILEPGIQSCLTHFSLITHGFGAPAICAALTALQNYLTEALKGMDKMFLNNTTTNRHTSG
140,PAX7,PGQNYPRTGFPLEVSTPLGQGRVNQLGGVFINGRPLPNHIRHKIVEMAHHGIRPCVISRQLRVSHGCVSKILCRYQETGSIRPGAIGGSKPRQVATPDVEKKIEEYKRENPGMFSWEIRDRLLKDGHCDRSTVPSGLVSSISRVLRIKFGKKEEEDEADKKEDDGEKKAKHSIDGILGDKGNRLDEGSDVESEPDLPLKRKQRRSRTTFTAEQLEELEKAFERTHYPDIYTREELAQRTKLTEARVQVWFSNRRARWRKQAGANQLAAFNHLLPGGFPPTGMPTLPPYQLP
141,VSX2,ASSDSEDVSSSDRKMSKSALNQTKKRKKRRHRTIFTSYQLEELEKAFNEAHYPDVYAREMLAMKTELPEDRIQVWFQNRRAKWRKREKCWGRSSVMAEYGLYGAMVRHSIPLPESILK
142,HME1,YSDRPSSGPRTRKLKKKKNEKEDKRPRTAFTAEQLQRLKAEFQANRYITEQRRQTLAQELSLNESQIKIWFQNKRAKIKKATGIKNGLALHLMAQGLYNHSTTTVQDKDESE
143,EVX1,KGSGSEALVGSPNGGSETPKSNGGSGGGGSQGTLACSASDQMRRYRTAFTREQIARLEKEFYRENYVSRPRRCELAAALNLPETTIKVWFQNRRMKDKRQRLAMTWPHPADPAFYTYMMSHAAAAGGLPYPF
144,GSX1,LYQTSYPLPDPRQFHCISVDSSSNQLPSSKRMRTAFTSTQLLELEREFASNMYLSRLRRIEIATYLNLSEKQVKIWFQNRRVKHKKEGKGSNHRGGGGGGAGGGGSAPQGC
145,ETV1,IKQEPGMYREGPTYQRRGSLQLWQFLVALLDDPSNSHFIAWTGRGMEFKLIEPEEVARRWGIQKNRPAMNYDKLSRSLRYYYEKGIMQKVAGERYVYKFVCDPEALFSMAFPDNQRPLLKTDME
146,TLX2,TFPWMDSGRRFAKDRLTAALSPFSGTRRIGHPYQNRTPPKRKKPRTSFSRSQVLELERRFLRQKYLASAERAALAKALRMTDAQVKTWFQNRRTKWRRQTAEEREAERHRAGRLLLHLQQDALPRP
147,ATF3,SLVFEDFANLTPFVKEELRFAIQNKHLCHRMSSALESVTVSDRPLGVSITKAEVAPEEDERKKRRRERNKIAAAKCRNKKKEKTECLQKESEKLESVNAELKAQIEELKNEKQHLIYMLNLHRPTCIVRAQNGRTPEDE
148,PITX2,SKFFPRQHPGANEKDKSQQGKNEDVGAEDPSKKKRQRRQRTHFTSQQLQELEATFQRNRYPDMSTREEIAVWTNLTEARVRVWFKNRRAKWRKRERNQQAELCKNGFGPQFNGLMQPYDD
149,DRGX,YFHCPPQLEGTATFGNHSSGDFDDGFLRRKQRRNRTTFTLQQLEALEAVFAQTHYPDVFTREELAMKINLTEARVQVWFQNRRAKWRKTERGASDQEPGAKEPMAEVTPPPVRN
150,TBX21,PREDYALPAGLEVSGKLRVALNNHLLWSKFNQHQTEMIITKQGRRMFPFLSFTVAGLEPTSHYRMFVDVVLVDQHHWRYQSGKWVQCGKAEGSMPGNRLYVHPDSPNTGAHWMRQEVSFGKLKLTNNKGASNNVTQMIVLQSLHKYQPRLHIVEVNDGEPEAACNASNTHIFTFQETQFIAVTAYQNAEITQLKIDNNPFAKGFRENFESMYTSVDTSIPSP
151,PITX3,KGQEHSDSEKASASLPGGSPEDGSLKKKQRRQRTHFTSQQLQELEATFQRNRYPDMSTREEIAVWTNLTEARVRVWFKNRRAKWRKRERSQQAELCKGSFAAPLGGLVPPYEEVY
152,NKX62,QGAPWRDPRLAGPAPAGGVLDKDGKKKHSRPTFSGQQIFALEKTFEQTKYLAGPERARLAYSLGMTESQVKVWFQNRRTKWRKRHAVEMASAKKKQDSDAEKLKVGGSDAEDDDE
153,GSX2,TYNVADPRRFHCLTMGGSDASQVPNGKRMRTAFTSTQLLELEREFSSNMYLSRLRRIEIATYLNLSEKQVKIWFQNRRVKHKKEGKGTQRNSHAGCKCVGSQVHYARSEDEDS
154,FOXD2,GPGPGPPSGGAATRSPLVKPPYSYIALITMAILQSPKKRLTLSEICEFISGRFPYYREKFPAWQNSIRHNLSLNDCFVKIPREPGNPGKGNYWTLDPESADMFDNGSFLRRRKRFKRQPLPPPHPHPHP
155,LMX1A,ELLSLVSPAASDSGKSDDEESLCKSAHGAGKGTAEEGKDHKRPKRPRTILTTQQRRAFKASFEVSSKPCRKVRETLAAETGLSVRVVQVWFQNQRAKMKKLARRQQQQQQDQQNTQRLSS
156,GSC2,ARLAWPLRLGPAVPLSLGAPAGGSGALPGAVGPGSQRRTRRHRTIFSEEQLQALEALFVQNQYPDVSTRERLAGRIRLREERVEVWFKNRRAKWRHQKRASASARLLPGVKKSPKGSC
157,DMBX1,TLAERLAGSTGQAYIILEARYGSQHRKQRRSRTAFTAQQLEALEKTFQKTHYPDVVMRERLAMCTNLPEARVQVWFKNRRAKFRKKQRSLQKEQLQKQKEAEGSHGEGKAEAPTPDT
158,USF2,TQRTIAPRTHPYSPKIDGTRTPRDERRRAQHNEVERRRRDKINNWIVQLSKIIPDCNADNSKTGASKGGILSKACDYIRELRQTNQRMQETFKEAERLQMDNELLRQQIEELKNENALLRAQLQQHNLEMV
159,HSF1,DLPVGPGAAGPSNVPAFLTKLWTLVSDPDTDALICWSPSGNSFHVFDQGQFAKEVLPKYFKHNNMASFVRQLNMYGFRKVVHIEQGGLVKPERDDTEFQHPCFLRGQEQLLENIKRKVTSVSTLKSEDIKIRQDSVTKLLTDVQLMKGKQECMDSKLLAMKHENEALWREVASLRQKHAQQQKVVNKLIQFLISLVQSNRILGVKRKIPLMLNDSGSAHSMPKYSR
160,PDX1,PFPEGAEPGVLEEPNRVQLPFPWMKSTKAHAWKGQWAGGAYAAEPEENKRTRTAYTRAQLLELEKEFLFNKYISRPRRVELAVMLNLTERHIKIWFQNRRMKWKKEEDKKRGGGTAVGGGGVAEPEQDCAV
161,LEF1,LMHVKPQHEQRKEQEPKRPHIKKPLNAFMLYMKEMRANVVAECTLKESAAINQILGRRWHALSREEQAKYYELARKERQLHMQLYPGWSARDNYGKKKKRKREKLQESA
162,ONEC2,VLAPSRERPPSSSSGSQVATSGQLEEINTKEVAQRITAELKRYSIPQAIFAQRVLCRSQGTLSDLLRNPKPWSKLKSGRETFRRMWKWLQEPEFQRMSALRLAACKRKEQEPNKDRNNSQKKSRLVFTDLQRRTLFAIFKENKRPSKEMQITISQQLGLELTTVSNFFMNARRRSLEKWQDDLSTGGSSSTSSTCTKA
163,MYBB,LDELHYQDTDSDVPEQRDSKCKVKWTHEEDEQLRALVRQFGQQDWKFLASHFPNRTDQQCQYRWLRVLNPDLVKGPWTKEEDQKVIELVKKYGTKQWTLIAKHLKGRLGKQCRERWHNHLNPEVKKSCWTEEEDRIICEAHKVLGNRWAEIAKMLPGRTDNAVKNHWNSTIKRKVDTGGFLSESKDCKPPV
164,YBOX1,PGGLTSAAPAGGDKKVIATKVLGTVKWFNVRNGYGFINRNDTKEDVFVHQTAIKKNNPRKYLRSVGDGETVEFDVVEGEKGAEAANVTGPGGVPVQGSKYAADRNHYRRYPRRR
165,FOXJ2,GSPTDPNATLSKDEAAVHQDGKPRYSYATLITYAINSSPAKKMTLSEIYRWICDNFPYYKNAGIGWKNSIRHNLSLNKCFRKVPRPRDDPGKGSYWTIDTCPDISRKRRHPPDDDLSQDSPEQEASKSPRGGVAGSGEASLPPEGNPQMSLQ
166,HXD12,GPLNLNMTVQAAGVASCLRPSLPDGKRCPCSPGRPAVGGGPGEARKKRKPYTKQQIAELENEFLVNEFINRQKRKELSNRLNLSDQQVKIWFQNRRMKKKRVVLREQALALY
167,HTF4,DIKVSSRGRTSSTNEDEDLNPEQKIEREKERRMANNARERLRVRDINEAFKELGRMCQLHLKSEKPQTKLLILHQAVAVILSLEQQVRERNLNPKAACLKRREEEKVSAVSAEPPTTLPGTHPGLSETTNPMGHM
168,ELF1,PDSPATTPNISVKKKNKDGKGNTIYLWEFLLALLQDKATCPKYIKWTQREKGIFKLVDSKAVSRLWGKHKNKPDMNYETMGRALRYYYQRGILAKVEGQRLVYQFKEMPKDLIYINDEDPSSSIESSDPSL
169,SOX18,SPPSPQRSPPRSPEPGRYGLSPAGRGERQAADESRIRRPMNAFMVWAKDERKRLAQQNPDLHNAVLSKMLGKAWKELNAAEKRPFVEEAERLRVQHLRDHPNYKYRPRRKKQARKARRLEPGL
170,MNX1,DPIKLGAGTFQLDQWLRASTAGMILPKMPDFNSQAQSNLLGKCRRPRTAFTSQQLLELEHQFKLNKYLSRPKRFEVATSLMLTETQVKIWFQNRRMKWKRSKKAKEQAAQEAEKQKGGGGGAGKGGAEEPGAE
171,RFX4,RYSSHTSLGNVSNDENEEKENNRASKPHSTPATLQWLEENYEIAEGVCIPRSALYMHYLDFCEKNDTQPVNAASFGKIIRQQFPQLTTRRLGTRGQSKYHYYGIAVKESSQYYDVMYSKKGAAWVS
172,TBXT,VENELQAGSEKGDPTERELRVGLEESELWLRFKELTNEMIVTKNGRRMFPVLKVNVSGLDPNAMYSFLLDFVAADNHRWKYVNGEWVPGGKPEPQAPSCVYIHPDSPNFGAHWMKAPVSFSKVKLTNKLNGGGQIMLNSLHKYEPRIHIVRVGGPQRMITSHCFPETQFIAVTAYQNEEITALKIKYNPFAKAFLDAKERSDHKEMMEEPGDSQQPGYSQW
173,PKNX2,QNTQVNLDLTSLLDNEDKKSKNKRGVLPKHATNIMRSWLFQHLMHPYPTEDEKRQIAAQTNLTLLQVNNWFINARRRILQPMLDASNPDPAPKAKKIKSQHRPTQRFWPNSI
174,HSF4,QEAPAALPTEPGPSPVPAFLGKLWALVGDPGTDHLIRWSPSGTSFLVSDQSRFAKEVLPQYFKHSNMASFVRQLNMYGFRKVVSIEQGGLLRPERDHVEFQHPSFVRGREQLLERVRRKVPALRGDDGRWRPEDLGRLLGEVQALRGVQESTEARLRELRQQNEILWREVVTLRQSHGQQHRVIGKLIQCLFGPLQAGPSNAGGKRKLSLMLDEGSSCPTPAKFNTCPLPG
175,HXD4,YSQSDPKQPPSGTALKQPAVVYPWMKKVHVNSVNPNYTGGEPKRSRTAYTRQQVLELEKEFHFNRYLTRRRRIEIAHTLCLSERQIKIWFQNRRMKWKKDHKLPNTKGRSSSSSSSSSCSSSVAPSQHLQP
176,GATA2,PASSFTPKQRSKARSCSEGRECVNCGATATPLWRRDGTGHYLCNACGLYHKMNGQNRPLIKPKRRLSAARRAGTCCANCQTTTTTLWRRNANGDPVCNACGLYYKLHNVNRPLTMKKEGIQTRNRKMSNKSKKSKKGAECF
177,HMX1,GGAWPGGRHGGGELAEVPAAAGETRGGVGVGGGRKKKTRTVFSRSQVFQLESTFDLKRYLSSAERAGLAASLQLTETQVKIWFQNRRNKWKRQLAAELEAASLSPPGAAWSACRCSTT
178,FIGLA,QLAAVCRLKRLPSGGYSSTENLQLVLERRRVANAKERERIKNLNRGFARLKALVPFLPQSRKPSKVDILKGATEYIQVLSDLLEGAKDSKKQDPDEQSYSNNS
