0,CDX1,YVGYVLDKDSPVYPGPARPASLGLGPANYGPPAPPPAPPQYPDFSSYSHVEPAPAPPTAWGAPFPAPKDDWAAAYGPGPAAPAASPASLAFGPPPDFSPVPAPPGPGPGLLAQPLGGPGTPSSPGAQRPTPYEWMRRSVAAGGGGGSGKTRTKDKYRVVYTDHQRLELEKEFHYSRYITIRRKSELAANLGLTERQVKIWFQNRRAKERKVNKKKQQQQQPPQPPMAHDITATPAGPSLGGLCPSNTSLL
1,MIXL1,DPGPAPPPPASLGSPAPPKGAAAPSASQRRKRTSFSAEQLQLLELVFRRTRYPDIHLRERLAALTLLPESRIQVWFQNRRAKSRRQSGKSFQPLARPEIILNHCAPGTETKCLK
2,SHOX,GIYECKEKREDVKSEDEDGQTKLKQRRSRTNFTLEQLNELERLFDETHYPDAFMREELSQRLGLSEARVQVWFQNRRAKCRKQENQMHKGVILGTANHLDACRVAPYVNMGAL
3,PDX1,PFPEGAEPGVLEEPNRVQLPFPWMKSTKAHAWKGQWAGGAYAAEPEENKRTRTAYTRAQLLELEKEFLFNKYISRPRRVELAVMLNLTERHIKIWFQNRRMKWKKEEDKKRGGGTAVGGGGVAEPEQDCAV
4,LBX2,DILAPRMVPRAPSAPQLPESGPGPTSPLCALEELTSKTFRGLDARALQPSEGRAGPDALGPGPFGRKRRKSRTAFTAQQVLELERRFVFQKYLAPSERDGLATRLGLANAQVVTWFQNRRAKLKRDVEEMRADVASLRALSPEVLCSLALPEGAPDPG
5,MSX2,TASVKSENSEDGAAWMQEPGRYSPPPRHTSPTTCTLRKHKTNRKPRTPFTTSQLLALERKFRQKQYLSIAERAEFSSSLNLTETQVKIWFQNRRAKAKRLQEAELEKLKMAAKPMLPSSFSLPFPISS
6,MSX1,LVKAESPEKPERTPWMQSPRFSPPPARRLSPPACTLRKHKTNRKPRTPFTTAQLLALERKFRQKQYLSIAERAEFSSSLSLTETQVKIWFQNRRAKAKRLQEAELEKLKMAAKPMLPPAAFGLSFPLG
7,FOXI1,LGGSDLGWLPIPSQEELMKLVRPPYSYSALIAMAIHGAPDKRLTLSQIYQYVADNFPFYNKSKAGWQNSIRHNLSLNDCFKKVPRDEDDPGKGNYWTLDPNCEKMFDNGNFRRKRKRKSDVSSSTASLALEKTESSLPVDSPKTTEPQDILDGASPGGTTSSPEKRPSPPPSGAPCLNSFLSSMTAYVSGGSPTSHPLVTPGLSPEPSDKTGQNSLTFNSFSPLTNLSNH
8,RAX,EYEAPRPYCPKEPWEARPSPGLPVGPATGEAKLSEEEQPKKKHRRNRTTFTTYQLHELERAFEKSHYPDVYSREELAGKVNLPEVRVQVWFQNRRAKWRRQEKLEVSSMKLQDSPLLSFSRSPPSATLSPLG
9,HOXD9,SACSDHPIPGCSLKEEEKQHSQPQQQQLDPNNPEANWIHARSTRKKRCPYTKYQTLELEKEFLFNMYLTRDRRYEVARILNLTERQVKIWFQNRRMKMKKMSKEKCPKGD
10,VSX1,LAPSRPPPALGRQKRSDSVSTSDEDSQSEDRNDLKASPTLGKRKKRRHRTVFTAHQLEELEKAFSEAHYPDVYAREMLAVKTELPEDRIQVWFQNRRAKWRKREKRWGGSSVMAEYGLYGAMVRHCIPLPDSV
11,VAX2,RILVRDAKGTIREIVLPKGLDLDRPKRTRTSFTAEQLYRLEMEFQRCQYVVGRERTELARQLNLSETQVKVWFQNRRTKQKKDQSRDLEKRASSSASEAFATSNILRLLE
12,DLX5,GVFDRRVPSIRSGDFQAPFQTSAAMHHPSQESPTLPESSATDSDYYSPTGGAPHGYCSPTSASYGKALNPYQYQYHGVNGSAGSYPAKAYADYSYASSYHQYGGAYNRVPSATNQPEKEVTEPEVRMVNGKPKKVRKPRTIYSSFQLAALQRRFQKTQYLALPERAELAASLGLTQTQVKIWFQNKRSKIKKIMKNGEMPPEHSPSSSDPMACNSPQSPAVW
13,DLX4,SVAAAYPLGLSPTTAASPNLSYSRPYGHLLSYPYTEPANPGDSYLSCQQPAALSQPLCGPAEHPQELEADSEKPRLSPEPSERRPQAPAKKLRKPRTIYSSLQLQHLNQRFQHTQYLALPERAQLAAQLGLTQTQVKIWFQNKRSKYKKLLKQNSGGQEGDFPGRTFSVSPCSPPLPSLWDLPKAGTLPTSGYGNSFGAWYQHHSSDVLASPQMM
14,DLX1,MTTMPESLNSPVSGKAVFMEFGPPNQQMSPSPMSHGHYSMHCLHSAGHSQPDGAYSSASSFSRPLGYPYVNSVSSHASSPYISSVQSYPGSASLAQSRLEDPGADSEKSTVVEGGEVRFNGKGKKIRKPRTIYCSLQLQALNRRFQQTQYLALPERAELAASLGLTQTQVKIWFQNKRSKFKKLMKQGGAALEGSALANGRALSAGSPPVP
15,PRRX1,ESPGLTSGSDTPQQDNDQLNSEEKKKRKQRRNRTTFNSSQLQALERVFERTHYPDAFVREDLARRVNLTEARVQVWFQNRRAKFRRNERAMLANKNASLLKSYSGDVTAVEQPIVP
16,FOXO1,LCGDFQGPEAGCLHPAPPQPPPPGPLSQHPPVPPAAAGPLAGQPRKSSSSRRNAWGNLSYADLITKAIESSAEKRLTLSQIYEWMVKSVPYFKDKGDSNSSAGWKNSIRHNLSLHSKFIRVQNEGTGKSSWWMLNPEGGKSGKSPRRRAASMDNNSKFAKSRSRAAKKKASLQSGQEGAGDS
17,HOXD3,KGGPNASSSSATISKQIFPWMKESRQNSKQKNSCATAGESCEDKSPPGPASKRVRTAYTSAQLVELEKEFHFNRYLCRPRRVEMANLLNLTERQIKIWFQNRRMKYKKDQKAKGILHSPASQSPERSPPL
18,DLX2,ESPTLPVSTATDSSYYTNQQHPAGGGGGGGSPYAHMGSYQYQASGLNNVPYSAKSSYDLGYTAAYTSYAPYGTSSSPANNEPEKEDLEPEIRIVNGKPKKVRKPRTIYSSFQLAALQRRFQKTQYLALPERAELAASLGLTQTQVKIWFQNRRSKFKKMWKSGEIPSEQHPGASASPPCASPPVSA
19,HOXB7,LSGVCPGDSAKAAGAKEQRDSDLAAESNFRIYPWMRSSGTDRKRGRQTYTRYQTLELEKEFHYNRYLTRRRRIEIAHTLCLTERQIKIWFQNRRMKWKKENKTAGPGTTGQDRAEAEEEEEE
20,BHLHE22,GGGSGSGSGGSSSSSSSSSKKSKEQKALRLNINARERRRMHDLNDALDELRAVIPYAHSPSVRKLSKIATLLLAKNYILMQAQALEEMRRLVAYLNQGQAISAASLPSSAAAAAAAAALH
21,FOXE1,VPGEATGRGAGGRRRKRPLQRGKPPYSYIALIAMAIAHAPERRLTLGGIYKFITERFPFYRDNPKKWQNSIRHNLTLNDCFLKIPREAGRPGKGNYWALDPNAEDMFESGSFLRRRKRFKRSDLSTYPAYMHDA
22,LEF1,LMHVKPQHEQRKEQEPKRPHIKKPLNAFMLYMKEMRANVVAECTLKESAAINQILGRRWHALSREEQAKYYELARKERQLHMQLYPGWSARDNYGKKKKRKREKLQESA
23,OTX1,YGMNGLGLAGPAMDLLHPSVGYPATPRKQRRERTTFTRSQLDVLEALFAKTRYPDIFMREEVALKINLPESRVQVWFKNRRAKCRQQQQSGSGTKSRPAKKKSSPVRESSGSESSGQ
24,PITX3,KGQEHSDSEKASASLPGGSPEDGSLKKKQRRQRTHFTSQQLQELEATFQRNRYPDMSTREEIAVWTNLTEARVRVWFKNRRAKWRKRERSQQAELCKGSFAAPLGGLVPPYEEVY
25,TLX2,TFPWMDSGRRFAKDRLTAALSPFSGTRRIGHPYQNRTPPKRKKPRTSFSRSQVLELERRFLRQKYLASAERAALAKALRMTDAQVKTWFQNRRTKWRRQTAEEREAERHRAGRLLLHLQQDALPRP
26,PITX2,SKFFPRQHPGANEKDKSQQGKNEDVGAEDPSKKKRQRRQRTHFTSQQLQELEATFQRNRYPDMSTREEIAVWTNLTEARVRVWFKNRRAKWRKRERNQQAELCKNGFGPQFNGLMQPYDD
27,PROX1,LQDMSEISPYSGSAMQEGLSPNHLKKAKLMFFYTRYPSSNMLKTYFSDVKFNRCITSQLIKWFSNFREFYYIQMEKYARQAINDGVTSTEELSITRDCELYRALNMHYNKANDFEVPERFLEVAQITLREFFNAIIAGKDVDPSWKKAIYKVICKLDSEVPEIFKSPNCLQELLHE
28,PHOX2B,DHQSSPYAAVPYKLFTDHGGLNEKRKQRRIRTTFTSAQLKELERVFAETHYPDIYTREELALKIDLTEARVQVWFQNRRAKFRKQERAAAAAAAAAKNGSSGKKSDSSRDDE
29,PITX1,KGPEDSGAGGTGCGGADDPAKKKKQRRQRTHFTSQQLQELEATFQRNRYPDMSMREEIAVWTNLTEPRVRVWFKNRRAKWRKRERNQQLDLCKGGYVPQFSGLVQPYEDVYA
30,ESX1,SLRGYTHSDIGYRSLAVGEDIEEVNDEKLTVTSLMARGGEDEENTRSKPEYGTEAENNVGTEGSVPSDDQDREGGGGHEPEQQQEEPPLTKPEQQQEEPPLLELKQEQEEPPQTTVEGPQPAEGPQTAEGPQPPERKRRRRTAFTQFQLQELENFFDESQYPDVVARERLAARLNLTEDRVQVWFQNRRAKWKRNQRVLMLRNTATADLAHPLDMFLGGAYYAA
31,ARX,SPKEELLLHPEDAEGKDGEDSVCLSAGSDSEEGLLKRKQRRYRTTFTSYQLEELERAFQKTHYPDVFTREELAMRLDLTEARVQVWFQNRRAKWRKREKAGAQTHPPGLPFPGPLSATHPLSPYLDASP
32,EVX2,NSAGNAVLEALENSQHPARLSPRLPSAPLHSALGELPAKGKFEIDTLFNLQHTGSESTVSSEISSAAESRKKPGHYSEAAAEADMSSDVEVGCSALRSPGGLGAAQLKENNGKGYAESGSAAGTTTSASGSGLGSLHGGSGGSGGSAALGGSGSGADQVRRYRTAFTREQIARLEKEFYRENYVSRPRRCELAAALNLPETTIKVWFQNRRMKDKRQRLAMSWPHPADPSFYTYMMTHAAATGSLPYPF
33,T,VENELQAGSEKGDPTERELRVGLEESELWLRFKELTNEMIVTKNGRRMFPVLKVNVSGLDPNAMYSFLLDFVAADNHRWKYVNGEWVPGGKPEPQAPSCVYIHPDSPNFGAHWMKAPVSFSKVKLTNKLNGGGQIMLNSLHKYEPRIHIVRVGGPQRMITSHCFPETQFIAVTAYQNEEITALKIKYNPFAKAFLDAKERSDHKEMMEEPGDSQQPGYSQW
34,GATA6,GAPLPVPRGPSADLLEDLSESRECVNCGSIQTPLWRRDGTGHYLCNACGLYSKMNGLSRPLIKPQKRVPSSRRLGLSCANCHTTTTTLWRRNAEGEPVCNACGLYMKLHGVPRPLAMKKEGIQTRKRKPKNINKSKTCSGNSN
35,JUND,GGAATVAFAAEPVPFPPPPPPGALGPPRLAALKDEPQTVPDVPSFGESPPLSPIDMDTQERIKAERKRLRNRIAASKCRKRKLERISRLEEKVKTLKSQNTELASTASLLREQVAQLKQKVLSHVNSGCQLLPQHQVPAY
36,GLI3,LVKEEGDKDESKQEPEVIYETNCHWEGCAREFDTQEQLVHHINNDHIHGEKKEFVCRWLDCSREQKPFKAQYMLVVHMRRHTGEKPHKCTFEGCTKAYSRLENLKTHLRSHTGEKPYVCEHEGCNKAFSNASDRAKHQNRTHSNEKPYVCKIPGCTKRYTDPSSLRKHVKTVHGPEAHVTKKQRGDIHPRPPPPRDSG
37,ZGLP1,AAHPGGTEAHSAGSEALEPRRCASCRTQRTPLWRDAEDGTPLCNACGIRYKKYGTRCSSCWLVPRKNVQPKRLCGRCGVSLDPIQ
38,HOXC10,PSESEKERAKAADSSPDTSDNEAKEEIKAENTTGNWLTAKSGRKKRCPYTKHQTLELEKEFLFNMYLTRERRLEISKTINLTDRQVKIWFQNRRMKLKKMNRENRIRELTSNFNFT
39,HOXD12,GPLNLNMTVQAAGVASCLRPSLPDGKRCPCSPGRPAVGGGPGEARKKRKPYTKQQIAELENEFLVNEFINRQKRKELSNRLNLSDQQVKIWFQNRRMKKKRVVLREQALALY
40,FOXD3,SGSAGGLAPSKPKNSLVKPPYSYIALITMAILQSPQKKLTLSGICEFISNRFPYYREKFPAWQNSIRHNLSLNDCFVKIPREPGNPGKGNYWTLDPQSEDMFDNGSFLRRRKRFKRHQQEHLREQTALMMQS
41,HES2,LPRRAGDAAELRKSLKPLLEKRRRARINQSLSQLKGLILPLLGRENSNCSKLEKADVLEMTVRFLQELPASSWPTAAPLPCDSYREGY
42,RUNX3,ENSGALSAQAAVGPGGRARPEVRSMVDVLADHAGELVRTDSPNFLCSVLPSHWRCNKTLPVAFKVVALGDVPDGTVVTVMAGNDENYSAELRNASAVMKNQVARFNDLRFVGRSGRGKSFTLTITVFTNPTQVATYHRAIKVTVDGPREPRRHRQKLEDQTKPFPDRFGDLERLR
43,FOXJ2,GSPTDPNATLSKDEAAVHQDGKPRYSYATLITYAINSSPAKKMTLSEIYRWICDNFPYYKNAGIGWKNSIRHNLSLNKCFRKVPRPRDDPGKGSYWTIDTCPDISRKRRHPPDDDLSQDSPEQEASKSPRGGVAGSGEASLPPEGNPQMSLQ
44,NR4A2,SQLLDTQVPSPPSRGSPSNEGLCAVCGDNAACQHYGVRTCEGCKGFFKRTVQKNAKYVCLANKNCPVDKRRRNRCQYCRFQKCLAVGMVKEVVRTDSLKGRRGRLPSKPKSPQ
45,FOXD2,GPGPGPPSGGAATRSPLVKPPYSYIALITMAILQSPKKRLTLSEICEFISGRFPYYREKFPAWQNSIRHNLSLNDCFVKIPREPGNPGKGNYWTLDPESADMFDNGSFLRRRKRFKRQPLPPPHPHPHP
46,NFATC3,VPSPFTWSKPKPGHTPIFRTSSLPPLDWPLPAHFGQCELKIEVQPKTHHRAHYETEGSRGAVKASTGGHPVVKLLGYNEKPINLQMFIGTADDRYLRPHAFYQVHRITGKTVATASQEIIIASTKVLEIPLLPENNMSASIDCAGILKLRNSDIELRKGETDIGRKNTRVRLVFRVHIPQPSGKVLSLQIASIPVECSQRSAQELPHIEKYSINSCSVNGGHEMVVTGSNFLPESKIIFLEKGQDGRPQWEVEGKIIREKCQGAHIVLEVPPYHNPAVTAAVQVHFYLCNGKRKKSQSQRFTYTPVLMKQEHREEIDLSSVPS
47,HOXA2,PKPSPAGSRGSPVPAGALQPPEYPWMKEKKAAKKTALLPAAAAAATAAATGPACLSHKESLEIADGSGGGSRRLRTAYTNTQLLELEKEFHFNKYLCRPRRVEIAALLDLTERQVKVWFQNRRMKHKRQTQCKENQNSEGKCKSLEDSEKV
48,HOXC11,LASRAEAGAEAEAEEENTNPSSSGSAHSVAKEPAKGAAPNAPRTRKKRCPYSKFQIRELEREFFFNVYINKEKRLQLSRMLNLTDRQVKIWFQNRRMKEKKLSRDRLQYFSGNPLL
49,NFATC1,QHPYQWAKPKPLSPTSYMSPTLPALDWQLPSHSGPYELRIEVQPKSHHRAHYETEGSRGAVKASAGGHPIVQLHGYLENEPLMLQLFIGTADDRLLRPHAFYQVHRITGKTVSTTSHEAILSNTKVLEIPLLPENSMRAVIDCAGILKLRNSDIELRKGETDIGRKNTRVRLVFRVHVPQPSGRTLSLQVASNPIECSQRSAQELPLVEKQSTDSYPVVGGKKMVLSGHNFLQDSKVIFVEKAPDGHHVWEMEAKTDRDLCKPNSLVVEIPPFRNQRITSPVHVSFYVCNGKRKRSQYQRFTYLPANVPIIKTEPTDDYEPAPTCGPVSQGLSPLPR
50,EVX1,KGSGSEALVGSPNGGSETPKSNGGSGGGGSQGTLACSASDQMRRYRTAFTREQIARLEKEFYRENYVSRPRRCELAAALNLPETTIKVWFQNRRMKDKRQRLAMTWPHPADPAFYTYMMSHAAAAGGLPYPF
51,EOMES,GSCGGLGGLGVPSSGFRAHVYLCNRPLWLKFHRHQTEMIITKQGRRMFPFLSFNINGLNPTAHYNVFVEVVLADPNHWRFQGGKWVTCGKADNNMQGNKMYVHPESPNTGSHWMRQEISFGKLKLTNNKGANNNNTQMIVLQSLHKYQPRLHIVEVTEDGVEDLNEPSKTQTFTFSETQFIAVTAYQNTDITQLKIDHNPFAKGFRDNYDSSHQIVPGGRYGVQ
52,DRGX,YFHCPPQLEGTATFGNHSSGDFDDGFLRRKQRRNRTTFTLQQLEALEAVFAQTHYPDVFTREELAMKINLTEARVQVWFQNRRAKWRKTERGASDQEPGAKEPMAEVTPPPVRN
53,MEIS2,GMDGVGVPASMYGDPHAPRPIPPVHHLNHGPPLHATQHYGAHAPHPNVMPASMGSAVNDALKRDKDAIYGHPLFPLLALVFEKCELATCTPREPGVAGGDVCSSDSFNEDIAVFAKQVRAEKPLFSSNPELDNLMIQAIQVLRFHLLELEKVHELCDNFCHRYISCLKGKMPIDLVIDERDGSSKSDHEELSGSSTNLADHNPSSWRDHDDATSTHSAGTPGPSSGGHASQSGDNSSEQGDGLDNSVASPGTGDDDDPDKDKKRQKKRGIFPKVATNIMRAWLFQHLTHPYPSEEQKKQLAQDTGLTILQVNNWFINARRRIVQPMIDQSNRAGFLLDPSVSQGAAYSPEGQPMGSFVLDGQQHMGI
54,NFATC4,LAWSKARIGGHSPIFRTSALPPLDWPLPSQYEQLELRIEVQPRAHHRAHYETEGSRGAVKAAPGGHPVVKLLGYSEKPLTLQMFIGTADERNLRPHAFYQVHRITGKMVATASYEAVVSGTKVLEMTLLPENNMAANIDCAGILKLRNSDIELRKGETDIGRKNTRVRLVFRVHVPQGGGKVVSVQAASVPIECSQRSAQELPQVEAYSPSACSVRGGEELVLTGSNFLPDSKVVFIERGPDGKLQWEEEATVNRLQSNEVTLTLTVPEYSNKRVSRPVQVYFYVSNGRRKRSPTQSFRFLPVICKEEPLPDSSLRGF
55,MYBL2,LDELHYQDTDSDVPEQRDSKCKVKWTHEEDEQLRALVRQFGQQDWKFLASHFPNRTDQQCQYRWLRVLNPDLVKGPWTKEEDQKVIELVKKYGTKQWTLIAKHLKGRLGKQCRERWHNHLNPEVKKSCWTEEEDRIICEAHKVLGNRWAEIAKMLPGRTDNAVKNHWNSTIKRKVDTGGFLSESKDCKPPV
56,HES5,PSTVAVELLSPKEKNRLRKPVVEKMRRDRINSSIEQLKLLLEQEFARHQPNSKLEKADILEMAVSYLKHSKAFVAAAGPKSLHQDYSEGYSWCLQEAVQFLTLHAASDTQMKL
57,MLLT7,DPDFEPQSRPRSCTWPLPRPEIANQPSEPPEVEPDLGEKVHTEGRSEPILLPSRLPEPAGGPQPGILGAVTGPRKGGSRRNAWGNQSYAELISQAIESAPEKRLTLAQIYEWMVRTVPYFKDKGDSNSSAGWKNSIRHNLSLHSKFIKVHNEATGKSSWWMLNPEGGKSGKAPRRRAASMDSSSKLLRGRSKAPKKK
58,ISL1,PLQMAAEPISARQPALRPHVHKQPEKTTRVRTVLNEKQLHTLRTCYAANPRPDALMKEQLVEMTGLSPRVIRVWFQNKRCKDKKRSIMMKQLQQQQPNDKTNIQGMTGTPMV
59,FOXA2,YGQAGLSRARDPKTYRRSYTHAKPPYSYISLITMAIQQSPNKMLTLSEIYQWIMDLFPFYRQNQQRWQNSIRHSLSFNDCFLKVPRSPDKPGKGSFWTLHPDSGNMFENGCYLRRQKRFKCEKQLALKEAAGAA
60,IRX5,GSLGYHPYAAPLGSYPYGDPAYRKNATRDATATLKAWLNEHRKNPYPTKGEKIMLAIITKMTLTQVSTWFANARRRLKKENKMTWTPRNRSEDEEEEENIDLEKNDEDEP
61,CUX1,TGPYSTNSISSQSPLQQSPDVNGMAPSPSQSESAGSVSEGEEMDTAEIARQVKEQLIKHNIGQRIFGHYVLGLSQGSVSEILARPKPWNKLTVRGKEPFHKMKQFLSDEQNILALRSIQGRQRENPGQSLNRLFQEVPKRRNGSEGNITTRIRASETGSDEAIKSILEQAKRELQVQKTAEPAQPSSASGSGNSDDAIRSILQQARREMEAQQAALDPALKQAPLSQSDITILTPKLLSTSPMPTVSSYPPLAISLKKPSAAPEAGASALPNPPALKKEAQDAPGLDPQGAADCAQGVLRQVKNEVGRSGAWKDHWWSAVQPERRNAASSEEAKAEETGGGKEKGSGGSGGGSQPRAERSQLQGPSSSEYWKEWPSAESPYSQSSELSLTGASRSETPQNSPLPSSPIVPMSKPTKPSVPPLTPEQYEVYMYQEVDTIELTRQVKEKLAKNGICQRIFGEKVLGLSQGSVSDMLSRPKPWSKLTQKGREPFIRMQLWLNGELGQGVLPVQGQQQGPVLHSVTSLQDPLQQGCVSSESTPKTSASCSPAPESPMSSSESVKSLTELVQQPCPPIEASKDSKPPEPSDPPASDSQPTTPLPLSGHSALSIQELVAMSPELDTYGITKRVKEVLTDNNLGQRLFGETILGLTQGSVSDLLARPKPWHKLSLKGREPFVRMQLWLNDPNNVEKLMDMKRMEKKAYMKRRHSSVSDSQPCEPPSVGTEYSQGASPQPQHQLKKPRVVLAPEEKEALKRAYQQKPYPSPKTIEDLATQLNLKTSTVINWFHNYRSRIRRELFIEEIQAGSQGQAGASDSPSARSGRAAPSSE
62,IRX1,DLSLFSQMGSQYELKDNPGVHPATFAAHTAPAYYPYGQFQYGDPGRPKNATRESTSTLKAWLNEHRKNPYPTKGEKIMLAIITKMTLTQVSTWFANARRRLKKENKVTWGARSKDQEDGALFGSDTE
63,FEV,LFKDGKNPSWGPLSPAVQKGSGQIQLWQFLLELLADRANAGCIAWEGGHGEFKLTDPDEVARRWGERKSKPNMNYDKLSRALRYYYDKNIMSKVHGKRYAYRFDFQGLAQACQPPPAHAHAAAAAA
64,FOXB1,PRPGRNTYSDQKPPYSYISLTAMAIQSSPEKMLPLSEIYKFIMDRFPYYRENTQRWQNSLRHNLSFNDCFIKIPRRPDQPGKGSFWALHPSCGDMFENGSFLRRRKRFKVLKSDHLAPSKPADAAQYL
65,IRF8,CDRNGGRRLRQWLIEQIDSSMYPGLIWENEEKSMFRIPWKHAGKQDYNQEVDASIFKAWAVFKGKFKEGDKAEPATWKTRLRCALNKSPDFEEVTDRSQLDISEPYKVYRIVPEEEQKCKLGVATAGCVNEV
66,HOXB13,QSWALAGGWNSQMCCQGEQNPPGPFWKAAFADSSGQHPPDACAFRRGRKKRIPYSKGQLRELEREYAANKFITKDKRRKISAATSLSERQITIWFQNRRVKEKKVLAKVKNSATP
67,GSX2,TYNVADPRRFHCLTMGGSDASQVPNGKRMRTAFTSTQLLELEREFSSNMYLSRLRRIEIATYLNLSEKQVKIWFQNRRVKHKKEGKGTQRNSHAGCKCVGSQVHYARSEDEDS
68,FLI1,SNPMNYNSYMDEKNGPPPPNMTTNERRVIVPADPTLWTQEHVRQWLEWAIKEYSLMEIDTSFFQNMDGKELCKMNKEDFLRATTLYNTEVLLSHLSYLRESSLLAYNTTSHTDQSSRLSVKEDPSYDSVRRGAWGNNMNSGLNKSPPLGGAQTISKNTEQRPQPDPYQILGPTSSRLANPGSGQIQLWQFLLELLSDSANASCITWEGTNGEFKMTDPDEVARRWGERKSKPNMNYDKLSRALRYYYDKNIMTKVHGKRYAYKFDFHGIAQALQPHPTESSMYK
69,HOXD10,SSPEVQEKESKEEIKSDTPTSNWLTAKSGRKKRCPYTKHQTLELEKEFLFNMYLTRERRLEISKSVNLTDRQVKIWFQNRRMKLKKMSRENRIRELTANLTFS
70,NFATC2,LVPPTWPKPLVPAIPICSIPVTASLPPLEWPLSSQSGSYELRIEVQPKPHHRAHYETEGSRGAVKAPTGGHPVVQLHGYMENKPLGLQIFIGTADERILKPHAFYQVHRITGKTVTTTSYEKIVGNTKVLEIPLEPKNNMRATIDCAGILKLRNADIELRKGETDIGRKNTRVRLVFRVHIPESSGRIVSLQTASNPIECSQRSAHELPMVERQDTDSCLVYGGQQMILTGQNFTSESKVVFTEKTTDGQQIWEMEATVDKDKSQPNMLFVEIPEYRNKHIRTPVKVNFYVINGKRKRSQPQHFTYHPVPAIKTEPTDEYDPTL
71,ERG,SPDTVGMNYGSYMEEKHMPPPNMTTNERRVIVPADPTLWSTDHVRQWLEWAVKEYGLPDVNILLFQNIDGKELCKMTKDDFQRLTPSYNADILLSHLHYLRETPLPHLTSDDVDKALQNSPRLMHARNTDLPYEPPRRSAWTGHGHPTPQSKAAQPSPSTVPKTEDQRPQLDPYQILGPTSSRLANPGSGQIQLWQFLLELLSDSSNSSCITWEGTNGEFKMTDPDEVARRWGERKSKPNMNYDKLSRALRYYYDKNIMTKVHGKRYAYKFDFHGIAQALQPHPPESSLYKYPSDLPYMG
72,CREB3L1,PSSPVRPMARSSTAISTSPLLTAPHKLQGTSGPLLLTEEEKRTLIAEGYPIPTKLPLTKAEEKALKRVRRKIKNKISAQESRRKKKEYVECLEKKVETFTSENNELWKKVETLENANRTLLQQLQKLQTLVTNKISRPYKMAA
73,TFEB,VTSSSCPADLTQKRELTDAESRALAKERQKKDNHNLIERRRRFNINDRIKELGMLIPKANDLDVRWNKGTILKASVDYIRRMQKDLQKSRELENHSRRLEMTNKQLWLRIQELEMQARVHGLPTTSPSGMNMA
74,TCF12,DIKVSSRGRTSSTNEDEDLNPEQKIEREKERRMANNARERLRVRDINEAFKELGRMCQLHLKSEKPQTKLLILHQAVAVILSLEQQVRERNLNPKAACLKRREEEKVSAVSAEPPTTLPGTHPGLSETTNPMGHM
75,ETV4,EGDIKQEGVGAFREGPPYQRRGALQLWQFLVALLDDPTNAHFIAWTGRGMEFKLIEPEEVARLWGIQKNRPAMNYDKLSRSLRYYYEKGIMQKVAGERYVYKFVCEPEALFSLAFPDNQRPALKAEFDRPVS
76,GSX1,LYQTSYPLPDPRQFHCISVDSSSNQLPSSKRMRTAFTSTQLLELEREFASNMYLSRLRRIEIATYLNLSEKQVKIWFQNRRVKHKKEGKGSNHRGGGGGGAGGGGSAPQGC
77,POU1F1,AADFKQELRRKSKLVEEPIDMDSPEIRELEKFANEFKVRRIKLGYTQTNVGEALAAVHGSEFSQTTICRFENLQLSFKNACKLKAILSKWLEEAEQVGALYNEKVGANERKRKRRTTISIAAKDALERHFGEQNKPSSQEIMRMAEELNLEKEVVRVWFCNRRQREKRVKTSLNQSLFSISKEHLECR
78,ELF5,DPLMSWTDLFSNEEYYPAFEHQTACDSYWTSVHPEYWTKRHVWEWLQFCCDQYKLDTNCISFCNFNISGLQLCSMTQEEFVEAAGLCGEYLYFILQNIRTQGYSFFNDAEESKATIKDYADSNCLKTSGIKSQDCHSHSRTSLQSSHLWEFVRDLLLSPEENCGILEWEDREQGIFRVVKSEALAKMWGQRKKNDRMTYEKLSRALRYYYKTGILERVDRRLVYKFGKNAHGWQEDKL
79,SPIB,EALVAGPEGKGSEAGTRKKLRLYQFLLGLLTRGDMRECVWWVEPGAGVFQFSSKHKELLARRWGQQKGNRKRMTYQKLARALRNYAKTGEIRKVKRKLTYQFDSALLPAVRRA
80,ETV5,KVKQEPTMYREGPPYQRRGSLQLWQFLVTLLDDPANAHFIAWTGRGMEFKLIEPEEVARRWGIQKNRPAMNYDKLSRSLRYYYEKGIMQKVAGERYVYKFVCDPDALFSMAFPDNQRPFLKAESECHLKVKQEPTMYREGPPYQRRGSLQLWQFLVTLLDDPANAHFIAWTGRGMEFKLIEPEEVARRWGIQKNRPAMNYDKLSRSLRYYYEKGIMQKVAGERYVYKFVCDPDALFSMAFPDNQRPFLKAESECHL
81,TFAP4,GGLCSLANIPLTPETQRDQERRIRREIANSNERRRMQSINAGFQSLKTLIPHTDGEKLSKAAILQQTAEYIFSLEQEKTRLLQQNTQLKRFIQELSGSSPKRRRAEDKDEGIGSPDI
82,ETV1,IKQEPGMYREGPTYQRRGSLQLWQFLVALLDDPSNSHFIAWTGRGMEFKLIEPEEVARRWGIQKNRPAMNYDKLSRSLRYYYEKGIMQKVAGERYVYKFVCDPEALFSMAFPDNQRPLLKTDME
83,CLOCK,MSSIVDRDDSSIFDGLVEEDDKDKAKRVSRNKSEKKRRDQFNVLIKELGSMLPGNARKMDKSTVLQKSIDFLRKHKEITAQSDASEIRQDWKPTFLSNEEFTQLMLEALDGFFLAIMTDGSIIYV
84,TCF4,LDDDKKDIKSITSNNDDEDLTPEQKAEREKERRMANNARERLRVRDINEAFKELGRMVQLHLKSDKPQTKLLILHQAVAVILSLEQQVRERNLNPKAACLKRREEEKVSSEPPPLSLAGPHPGMGDASN
85,MYCN,KSVIPPKAKSLSPRNSDSEDSERRRNHNILERQRRNDLRSSFLTLRDHVPELVKNEKAAKVVILKKATEYVHSLQAEEHQLLLEKEKLQARQQQLLKKIEHARTC
86,SREBF1,EKLPINRLAAGSKAPASAQSRGEKRTAHNAIEKRYRSSINDKIIELKDLVVGTEAKLNKSAVLRKAIDYIRFLQHSNQKLKQENLSLRTAVHKSKSLKDLVSACGSGGNTDVLMEGVK
87,SREBF2,MGQEKVPIKQVPGGVKQLEPPKEGERRTTHNIIEKRYRSSINDKIIELKDLVMGTDAKMHKSGVLRKAIDYIKYLQQVNHKLRQENMVLKLANQKNKLLKGIDLGSLVDNEVDLKIEDF
88,POU2F2,DPHLSHPQPPKCLEPPSHPEEPSDLEELEQFARTFKQRRIKLGFTQGDVGLAMGKLYGNDFSQTTISRFEALNLSFKNMCKLKPLLEKWLNDAETMSVDSSLPSPNQLSSPSLGFDGLPGRRRKKRTSIETNVRFALEKSFLANQKPTSEEILLIAEQLHMEKEVIRVWFCNRRQKEKRINPCSAAPMLPSPGKPASYSPHM
89,ELK3,SAITLWQFLLQLLLDQKHEHLICWTSNDGEFKLLKAEEVAKLWGLRKNKTNMNYDKLSRALRYYYDKNIIKKVIGQKFVYKFVSFPEILKMDPHAVEISRESLLLQD
90,ZIC4,FFRYMRQPIKQELICKWLAADGTATPSLCSKTFSTMHELVTHVTVEHVGGPEQANHICFWEECPRQGKPFKAKYKLVNHIRVHTGEKPFPCPFPGCGKVFARSENLKIHKRTHTGEKPFRCEFEGCERRFANSSDRKKHSHVHTSDKPYTCKVRGCDKCYTHPSSLRKHMKVHGRSPPPSSGYDSATPSALVSP
91,YBX1,PGGLTSAAPAGGDKKVIATKVLGTVKWFNVRNGYGFINRNDTKEDVFVHQTAIKKNNPRKYLRSVGDGETVEFDVVEGEKGAEAANVTGPGGVPVQGSKYAADRNHYRRYPRRR
92,HOXA10,AAEELSPAPSESSKASPEKDSLGNSKGENAANWLTAKSGRKKRCPYTKHQTLELEKEFLFNMYLTRERRLEISRSVHLTDRQVKIWFQNRRMKLKKMNRENRIRELTANFNFS
93,NKX6-2,QGAPWRDPRLAGPAPAGGVLDKDGKKKHSRPTFSGQQIFALEKTFEQTKYLAGPERARLAYSLGMTESQVKVWFQNRRTKWRKRHAVEMASAKKKQDSDAEKLKVGGSDAEDDDE
94,LMX1A,ELLSLVSPAASDSGKSDDEESLCKSAHGAGKGTAEEGKDHKRPKRPRTILTTQQRRAFKASFEVSSKPCRKVRETLAAETGLSVRVVQVWFQNQRAKMKKLARRQQQQQQDQQNTQRLSS
95,LMX1B,LSSVSPDESDSVKSEDEDGDMKPAKGQGSQSKGSGDDGKDPRRPKRPRTILTTQQRRAFKASFEVSSKPCRKVRETLAAETGLSVRVVQVWFQNQRAKMKKLARRHQQQQEQQNSQRLGQEVLSS
96,EN2,ENDPKPGEAAAAVEGQRQPESSPGGGSGGGGGSSPGEADTGRRRALMLPAVLQAPGNHQHPHRITNFFIDNILRPEFGRRKDAGTCCAGAGGGRGGGAGGEGGASGAEGGGGAGGSEQLLGSGSREPRQNPPCAPGAGGPLPAAGSDSPGDGEGGSKTLSLHGGAKKGGDPGGPLDGSLKARGLGGGDLSVSSDSDSSQAGANLGAQPMLWPAWVYCTRYSDRPSSGPRSRKPKKKNPNKEDKRPRTAFTAEQLQRLKAEFQTNRYLTEQRRQSLAQELSLNESQIKIWFQNKRAKIKKATGNKNTLAVHLMAQGLYNHSTTAKEGKSDSE
97,EN1,YSDRPSSGPRTRKLKKKKNEKEDKRPRTAFTAEQLQRLKAEFQANRYITEQRRQTLAQELSLNESQIKIWFQNKRAKIKKATGIKNGLALHLMAQGLYNHSTTTVQDKDESE
98,TGIF2LY,DTSIMSRNNADTGRVLALPEHKKKRKGNLPAESVKILRDWMYKHRFKAYPSEEEKQMLSEKTNLSLLQISNWFINARRRILPDMLQQRRNDPIIGHKTGKDAHATHLQSTEASV
99,MYBL1,KRSRSEDEDDDLQYADHDYEVPQQKGLKKLWNRVKWTRDEDDKLKKLVEQHGTDDWTLIASHLQNRSDFQCQHRWQKVLNPELIKGPWTKEEDQRVIELVQKYGPKRWSLIAKHLKGRIGKQCRERWHNHLNPEVKKSSWTEEEDRIIYEAHKRLGNRWAEIAKLLPGRTDNSIKNHWNSTMRRKVEQEGYLQDGIKSERSSSKLQH
100,MEIS3,SDSFNEDIAAFAKQVRSERPLFSSNPELDNLMIQAIQVLRFHLLELEKVHDLCDNFCHRYITCLKGKMPIDLVIEDRDGGCREDFEDYPASCPSLPDQNNMWIRDHEDSGSVHLGTPGPSSGGLASQSGDNSSDQGDGLDTSVASPSSGGEDEDLDQERRRNKKRGIFPKVATNIMRAWLFQHLSRRSEAPVLPDVCLGLGSPSPGPRWARPWGSDCGRPGRQSDSCWWLQHPYPSEEQKKQLAQDTGLTILQVNNWFINARRRIVQPMIDQSNRTGQGAAFSPEGQPIGGYTETQPHVAVR
101,TGIF2LX,DTSIMSRNNADTGRVLALPEHKKKRKGNLPAESVKILRDWMYKHRFKAYPSEEEKQMLSEKTNLSLLQISNWFINARRRILPDMLQQRRNDPIIGHKTGKDAHATHLQSTEASV
102,TGIF2,SDSDLGEDEGLLSLAGKRKRRGNLPKESVKILRDWLYLHRYNAYPSEQEKLSLSGQTNLSVLQICNWFINARRRLLPDMLRKDGKDPNQFTISRRGGKASDVALPRGSSPS
103,THRB,QSPSYSQKKGYIPSYLDKDELCVVCGDKATGYHYRCITCEGCKGFFRRTIQKNLHPSYSCKYEGKCVIDKVTRNQCQECRFKKCIYVGMATDLVLDDSKRLAKRKLIEENREKRR
104,ATOH1,GVVVDELGCSRQRAPSSKQVNGVQKQRRLAANARERRRMHGLNHAFDQLRNVIPSFNNDKKLSKYETLQMAQIYINALSELLQTPSGGEQPPPPPASCKSDHHHLRTAASYEGG
105,GATA4,LPGRANPGARHPNLDMFDDFSEGRECVNCGAMSTPLWRRDGTGHYLCNACGLYHKMNGINRPLIKPQRRLSASRRVGLSCANCQTTTTTLWRRNAEGEPVCNACGLYMKLHGVPRPLAMRKEGIQTRKRKPKNLNKSKTPAA
106,VENTX,GSSNLPAPERTMAGLSKEPNTLRAPRVRTAFTMEQVRTLEGVFQHHQYLSPLERKRLAREMQLSEVQIKTWFQNRRMKHKRQMQDPQLHSPFSGSLHAPPAFYSTSSGLAN
107,HOXD4,YSQSDPKQPPSGTALKQPAVVYPWMKKVHVNSVNPNYTGGEPKRSRTAYTRQQVLELEKEFHFNRYLTRRRRIEIAHTLCLSERQIKIWFQNRRMKWKKDHKLPNTKGRSSSSSSSSSCSSSVAPSQHLQP
108,TBX21,PREDYALPAGLEVSGKLRVALNNHLLWSKFNQHQTEMIITKQGRRMFPFLSFTVAGLEPTSHYRMFVDVVLVDQHHWRYQSGKWVQCGKAEGSMPGNRLYVHPDSPNTGAHWMRQEVSFGKLKLTNNKGASNNVTQMIVLQSLHKYQPRLHIVEVNDGEPEAACNASNTHIFTFQETQFIAVTAYQNAEITQLKIDNNPFAKGFRENFESMYTSVDTSIPSP
109,TBX3,AHLRPLKTMEPEEEVEDDPKVHLEAKELWDQFHKRGTEMVITKSGRRMFPPFKVRCSGLDKKAKYILLMDIIAADDCRYKFHNSRWMVAGKADPEMPKRMYIHPDSPATGEQWMSKVVTFHKLKLTNNISDKHGFTLAFPSDHATWQGNYSFGTQTILNSMHKYQPRFHIVRANDILKLPYSTFRTYLFPETEFIAVTAYQNDKITQLKIDNNPFAKGFRDTGNGRREKRKQLTLQSMRVFD
110,E2F8,HLSGDEFEKSQPSRKEKSLGLLCHKFLARYPNYPNPAVNNDICLDEVAEELNVERRRIYDIVNVLESLHMVSRLAKNRYTWHGRHNLNKTLGTLKSIGEENKYAEQIMMIKKKEYEQEFDFIKSYSIEDHIIKSNTGPNGHPDMCFVELPGVEFRAASVNSRKDKSLRVMSQKFVMLFLVSTPQIVSLEVAAKILIGEDHVEDLDKSKFKTKIRRLYDIANVLSSLDLIKKVHVTEERGRKPAFKWTGPEISPNTSGSSPVI
111,FOXO6,CGPERRATAPAMAPAPPLGAEVGPLRKAKSSRRNAWGNLSYADLITKAIESAPDKRLTLSQIYDWMVRYVPYFKDKGDSNSSAGWKNSIRHNLSLHTRFIRVQNEGTGKSSWWMLNPEGGKTGKTPRRRAVSMDNGAKFLRIKGKASKKKQLQAPERSPD
112,PROP1,PPCRRLPGAGGGRSRFSPQGGQRGRPHSRRRHRTTFSPVQLEQLESAFGRNQYPDIWARESLARDTGLSEARIQVWFQNRRAKQRKQERSLLQPLAHLSPAAFSSFLPESTACPY
113,GSC2,ARLAWPLRLGPAVPLSLGAPAGGSGALPGAVGPGSQRRTRRHRTIFSEEQLQALEALFVQNQYPDVSTRERLAGRIRLREERVEVWFKNRRAKWRHQKRASASARLLPGVKKSPKGSC
114,BHLHB2,PAHMYQVYKSRRGIKRSEDSKETYKLPHRLIEKKRRDRINECIAQLKDLLPEHLKLTTLGHLEKAVVLELTLKHVKALTNLIDQQQQKIIALQSGLQAGELSGRNVETGQEMFCS
115,PAX7,PGQNYPRTGFPLEVSTPLGQGRVNQLGGVFINGRPLPNHIRHKIVEMAHHGIRPCVISRQLRVSHGCVSKILCRYQETGSIRPGAIGGSKPRQVATPDVEKKIEEYKRENPGMFSWEIRDRLLKDGHCDRSTVPSGLVSSISRVLRIKFGKKEEEDEADKKEDDGEKKAKHSIDGILGDKGNRLDEGSDVESEPDLPLKRKQRRSRTTFTAEQLEELEKAFERTHYPDIYTREELAQRTKLTEARVQVWFSNRRARWRKQAGANQLAAFNHLLPGGFPPTGMPTLPPYQLP
116,TBX4,GADVVAAAAAEQTIENIKVGLHEKELWKKFHEAGTEMIITKAGRRMFPSYKVKVTGMNPKTKYILLIDIVPADDHRYKFCDNKWMVAGKAEPAMPGRLYVHPDSPATGAHWMRQLVSFQKLKLTNNHLDPFGHIILNSMHKYQPRLHIVKADENNAFGSKNTAFCTHVFPETSFISVTSYQNHKITQLKIENNPFAKGFRGSDDSDLRVARLQSKEYPVIS
117,NHLH1,PEPGEPGRKDLQHLSREERRRRRRATAKYRTAHATRERIRVEAFNLAFAELRKLLPTLPPDKKLSKIEILRLAICYISYLNHVLDV
118,OLIG2,STSSSTSSAAASSTKKDKKQMTEPELQQLRLKINSRERKRMHDLNIAMDGLREVMPYAHGPSVRKLSKIATLLLARNYILMLTNSLEEMKRLVSEIYGGHHAGFHPSACGGLAHSAPLPA
119,VSX2,ASSDSEDVSSSDRKMSKSALNQTKKRKKRRHRTIFTSYQLEELEKAFNEAHYPDVYAREMLAMKTELPEDRIQVWFQNRRAKWRKREKCWGRSSVMAEYGLYGAMVRHSIPLPESILK
120,FOXK1,QADTSGGDSPKDESKPPFSYAQLIVQAISSAQDRQLTLSGIYAHITKHYPYYRTADKGWQNSIRHNLSLNRYFIKVPRSQEEPGKGSFWRIDPASEAKLVEQAFRKRRQRGVSCFRTPFGPLSSR
121,ALX3,PLDCRGGPRDGPSNLQGSPGPCLASLHLPLSPGLPDSMELAKNKSKKRRNRTTFSTFQLEELEKVFQKTHYPDVYAREQLALRTDLTEARVQVWFQNRRAKWRKRERYGKIQEGRNPFTAAYDISVLPRTDSHP
122,NANOG,DSSTSPKGKQPTSAEKSVAKKEDKVPVKKQKTRTVFSSTQLCVLNDRFQRQKYLSLQQMQELSNILNLSYKQVKTWFQNQRMKSKRWQKNNWPKNSNGVTQKASAPTYPSLYSSYHQG
123,VAX1,DCNKSKSNSAADPDYCRRILVRDAKGSIREIILPKGLDLDRPKRTRTSFTAEQLYRLEMEFQRCQYVVGRERTELARQLNLSETQVKVWFQNRRTKQKKDQGKDSELRSVVSETAATCSVLRLLEQG
124,ARGFX,TLLSKLECSGTVSAYCSLNLPGSTDPPTSASRVAATTAIRRRHKERTSFTHQQYEELEALFSQTMFPDRNLQEKLALRLDLPESTVKVWFRNRRFKLKKQQQQQSAKQRNQILPSKKNV
125,ELF4,PVTDPSIPIRKKSKDGKGSTIYLWEFLLALLQDRNTCPKYIKWTQREKGIFKLVDSKAVSKLWGKQKNKPDMNYETMGRALRYYYQRGILAKVEGQRLVYQFKEMPKDLVVIEDEDESSEATAAPPQASTA
126,FOXK2,ADNSQPENEKEASGGDSPKDDSKPPYSYAQLIVQAITMAPDKQLTLNGIYTHITKNYPYYRTADKGWQNSIRHNLSLNRYFIKVPRSQEEPGKGSFWRIDPASESKLIEQAFRKRRPRGVPCFRTPLGPLSSRSAPA
127,BARHL1,SDSEYKVKEEGDREISSSRDSPPVRLKKPRKARTAFTDHQLAQLERSFERQKYLSVQDRMELAASLNLTDTQVKTWYQNRRTKWKRQTAVGLELLAEAGNYSALQRMFPSPYFY
128,OTX2,SYLKQPPYAVNGLSLTTSGMDLLHPSVGYPGPWASCPAATPRKQRRERTTFTRAQLDVLEALFAKTRYPDIFMREEVALKINLPESRVQVWFKNRRAKCRQQQQQQQNGGQNKVRPAKKKTSPAREVS
129,IRF3,TPKPRILPWLVSQLDLGQLEGVAWVNKSRTRFRIPWKHGLRQDAQQEDFGIFQAWAEATGAYVPGRDKPDLPTWKRNFRSALNRKEGLRLAEDRSKDPHDPHKIYEFVNSGVGDFSQPDTSPDTNGGG
130,HMX1,GGAWPGGRHGGGELAEVPAAAGETRGGVGVGGGRKKKTRTVFSRSQVFQLESTFDLKRYLSSAERAGLAASLQLTETQVKIWFQNRRNKWKRQLAAELEAASLSPPGAAWSACRCSTT
131,ONECUT2,VLAPSRERPPSSSSGSQVATSGQLEEINTKEVAQRITAELKRYSIPQAIFAQRVLCRSQGTLSDLLRNPKPWSKLKSGRETFRRMWKWLQEPEFQRMSALRLAACKRKEQEPNKDRNNSQKKSRLVFTDLQRRTLFAIFKENKRPSKEMQITISQQLGLELTTVSNFFMNARRRSLEKWQDDLSTGGSSSTSSTCTKA
132,SOX14,SKPSDHIKRPMNAFMVWSRGQRRKMAQENPKMHNSEISKRLGAEWKLLSEAEKRPYIDEAKRLRAQHMKEHPDYKYRPRRKPKNLLKKDRYVFPLP
133,TFAP2B,SLMMNKDGFLGGMSVNTGEVFCSVPGRLSLLSSTSKYKVTVGEVQRRLSPPECLNASLLGGVLRRAKSKNGGRSLRERLEKIGLNLPAGRRKAANVTLLTSLVEGEAVHLARDFGYICETEFPAKAVSEYLNRQHTDPSDLHSRKNMLLATKQLCKEFTDLLAQDRTPIGNSRPSPILEPGIQSCLTHFSLITHGFGAPAICAALTALQNYLTEALKGMDKMFLNNTTTNRHTSG
134,DMBX1,TLAERLAGSTGQAYIILEARYGSQHRKQRRSRTAFTAQQLEALEKTFQKTHYPDVVMRERLAMCTNLPEARVQVWFKNRRAKFRKKQRSLQKEQLQKQKEAEGSHGEGKAEAPTPDT
135,PKNOX2,QNTQVNLDLTSLLDNEDKKSKNKRGVLPKHATNIMRSWLFQHLMHPYPTEDEKRQIAAQTNLTLLQVNNWFINARRRILQPMLDASNPDPAPKAKKIKSQHRPTQRFWPNSI
136,POU4F2,QAALSMAHAHGLPSHMGCMSDVDADPRDLEAFAERFKQRRIKLGVTQADVGSALANLKIPGVGSLSQSTICRFESLTLSHNNMIALKPILQAWLEEAEKSHREKLTKPELFNGAEKKRKRTSIAAPEKRSLEAYFAIQPRPSSEKIAAIAEKLDLKKNVVRVWFCNQRQKQKRMKYSAGI
137,HMBOX1,STSNGKMSPTRYHANSMGQRSYSFEASEEDLDVDDKVEELMRRDSSVIKEEIKAFLANRRISQAVVAQVTGISQSRISHWLLQQGSDLSEQKKRAFYRWYQLEKTNPGATLSMRPAPIPIEDPEWRQTPPPVSATSGTFRLRRGSRFTWRKECLAVMESYFNENQYPDEAKREEIANACNAVIQKPGKKLSDLERVTSLKVYNWFANRRKEIKRRANIEAAILESHGIDVQSPGGHSNSDDVDGND
138,MYOG,DKGLGTPEHCPGQCLPWACKVCKRKSVSVDRRRAATLREKRRLKKVNEAFEALKRSTLLNPNQRLPKVEILRSAIQYIERLQALLSSLNQEERDLRYRGGGGPQPGVPSECSSH
139,NFKB2,DFKLNSSIVEPKEPAPETADGPYLVIVEQPKQRGFRFRYGCEGPSHGGLPGASSEKGRKTYPTVKICNYEGPAKIEVDLVTHSDPPRAHAHSLVGKQCSELGICAVSVGPKDMTAQFNNLGVLHVTKKNMMGTMIQKLQRQRLRSRPQGLTEAEQRELEQEAKELKKVMDLSIVRLRFSAFLRASDGSFSLPLKPVISQPIHDSKSPGASNLKISRMDKTAGSVRGGDEVYLLCDKVQKDDIEVRFYEDDENGWQAFGDFSPTDVHKQYAIVFRTPPYHKMKIERPVTVFLQLKRKRGGDVSDSKQFTYYPLVEDKEEVQRKRRKALPTFSQ
140,USF2,TQRTIAPRTHPYSPKIDGTRTPRDERRRAQHNEVERRRRDKINNWIVQLSKIIPDCNADNSKTGASKGGILSKACDYIRELRQTNQRMQETFKEAERLQMDNELLRQQIEELKNENALLRAQLQQHNLEMV
141,MNX1,DPIKLGAGTFQLDQWLRASTAGMILPKMPDFNSQAQSNLLGKCRRPRTAFTSQQLLELEHQFKLNKYLSRPKRFEVATSLMLTETQVKIWFQNRRMKWKRSKKAKEQAAQEAEKQKGGGGGAGKGGAEEPGAE
142,TFAP2C,LNLPCQKELVGAVMNPTEVFCSVPGRLSLLSSTSKYKVTVAEVQRRLSPPECLNASLLGGVLRRAKSKNGGRSLREKLDKIGLNLPAGRRKAAHVTLLTSLVEGEAVHLARDFAYVCEAEFPSKPVAEYLTRPHLGGRNEMAARKNMLLAAQQLCKEFTELLSQDRTPHGTSRLAPVLETNIQNCLSHFSLITHGFGSQAICAAVSALQNYIKEALIVIDKSYMNPGDQSPADSNKTLEK
143,NR3C2,YIPENVSSSTLRSVSTGSSRPSKICLVCGDEASGCHYGVVTCGSCKVFFKRAVEGKCSWQHNYLCAGRNDCIIDKIRRKNCPACRLQKCLQAGMNLGARKSKKLGKLKGIHEEQPQQQQ
144,ELF1,PDSPATTPNISVKKKNKDGKGNTIYLWEFLLALLQDKATCPKYIKWTQREKGIFKLVDSKAVSRLWGKHKNKPDMNYETMGRALRYYYQRGILAKVEGQRLVYQFKEMPKDLIYINDEDPSSSIESSDPSL
145,ELF2,TQQSPISNGSPELGIKKKPREGKGNTTYLWEFLLDLLQDKNTCPRYIKWTQREKGIFKLVDSKAVSKLWGKHKNKPDMNYETMGRALRYYYQRGILAKVEGQRLVYQFKDMPKNIVVIDDDKSETCNEDLAGTTDEKSLERVSLS
146,GATA2,PASSFTPKQRSKARSCSEGRECVNCGATATPLWRRDGTGHYLCNACGLYHKMNGQNRPLIKPKRRLSAARRAGTCCANCQTTTTTLWRRNANGDPVCNACGLYYKLHNVNRPLTMKKEGIQTRNRKMSNKSKKSKKGAECF
147,SIX6,GRPLGPVDKYRVRKKFPLPRTIWDGEQKTHCFKERTRNLLREWYLQDPYPNPSKKRELAQATGLTPTQVGNWFKNRRQRDRAAAAKNRLQQQVLSQGSGRALRAEGDGTPEVLG
148,NKX2-3,KSCQLKKSLETAGDCKAAEESERPKPRSRRKPRVLFSQAQVFELERRFKQQRYLSAPEREHLASSLKLTSTQVKIWFQNRRYKCKRQRQDKSLELGAHAPPPPPRRVAVPVLVR
149,SRF,GYGPVSGAVSGAKPGKKTRGRVKIKMEFIDNKLRRYTTFSKRKTGIMKKAYELSTLTGTQVLLLVASETGHVYTFATRKLQPMITSETGKALIQTCLNSPDSPPRSDPTTDQRMSATGFE
150,POU3F4,DHGELGSHHCQDHSDEETPTSDELEQFAKQFKQRRIKLGFTQADVGLALGTLYGNVFSQTTICRFEGLQLSFKNMCKLKPLLNKWLEEADSSTGSPTSIDKIAAQGRKRKKRTSIEVSVKGVLETHFLKCPKPAAQEISSLADSLQLEKEVVRVWFCNRRQKEKRMTPPGDQQPHEVYSHTVKTDTSC
151,MLX,GSTSASSVPNTDDEDSDYHQEAYKESYKDRRRRAHTQAEQKRRDAIKRGYDDLQTIVPTCQQQDFSIGSQKLSKAIVLQKTIDYIQFLHKEKKKQEEEVSTLRKDVTALKIMKVNYEQIVKAHQDNPHE
152,PAX1,EQTYGEVNQLGGVFVNGRPLPNAIRLRIVELAQLGIRPCDISRQLRVSHGCVSKILARYNETGSILPGAIGGSKPRVTTPNVVKHIRDYKQGDPGIFAWEIRDRLLADGVCDKYNVPSVSSISRILRNKIGSLAQPGPYEASKQPPSQPTLPYN
153,PAX2,DMHCKADPFSAMHPGHGGVNQLGGVFVNGRPLPDVVRQRIVELAHQGVRPCDISRQLRVSHGCVSKILGRYYETGSIKPGVIGGSKPKVATPKVVDKIAEYKRQNPTMFAWEIRDRLLAEGICDNDTVPSVSSINRIIRTKVQQPFHPTPDGAGTGVTAPGHTIVPSTASPPVSSASNDPVGSYSINGILGIPRSNGEKRKRDEVEVYTDPAHIRGGGGLHLVWTLRDVSEGSVPNGDSQSGVDSLRKHLRADTFTQQQLEALDRVFERPSYPDVFQASEHIKSEQGNEYSLP
154,ATF3,SLVFEDFANLTPFVKEELRFAIQNKHLCHRMSSALESVTVSDRPLGVSITKAEVAPEEDERKKRRRERNKIAAAKCRNKKKEKTECLQKESEKLESVNAELKAQIEELKNEKQHLIYMLNLHRPTCIVRAQNGRTPEDE
155,POU4F3,MSHPHTVAPHSAMPACLSDVESDPRELEAFAERFKQRRIKLGVTQADVGAALANLKIPGVGSLSQSTICRFESLTLSHNNMIALKPVLQAWLEEAEAAYREKNSKPELFNGSERKRKRTSIAAPEKRSLEAYFAIQPRPSSEKIAAIAEKLDLKKNVVRVWFCNQRQKQKRMKYSAVH
156,ATF2,SARQYKDLWNMSDDKPFLCTAPGCGQRFTNEDHLAVHKHKHEMTLKFGPARNDSVIVADQTPTPTRFLKNCEEVGLFNELASPFENEFKKASEDDIKKMPLDLSPLATPIIRSKIEEPSVVETTHQDSPLPHPESTTSDEKEVPLAQTAQPTSAIVRPASLQVPNVLLTSSDSSVIIQQAVPSPTSSTVITQAPSSNRPIVPVPGPFPLLLHLPNGQTMPVAIPASITSSNVHVPAAVPLVRPVTMVPSVPGIPGPSSPQPVQSEAKMRLKAALTQQHPPVTNGDTVKGHGSGLVRTQSEESRPQSLQQPATSTTETPASPAHTTPQTQSTSGRRRRAANEDPDEKRRKFLERNRAAASRCRQKRKVWVQSLEKKAEDLSSLNGQLQSEVTLLRNEVAQLKQLLLAHKDCPVTAMQKKSGYHTAD
157,RFX4,RYSSHTSLGNVSNDENEEKENNRASKPHSTPATLQWLEENYEIAEGVCIPRSALYMHYLDFCEKNDTQPVNAASFGKIIRQQFPQLTTRRLGTRGQSKYHYYGIAVKESSQYYDVMYSKKGAAWVS
158,POU2F3,LEASQHLPVPKHLPSSGGADEPSDLEELEKFAKTFKQRRIKLGFTQGDVGLAMGKLYGNDFSQTTISRFEALNLSFKNMCKLKPLLEKWLNDAESSPSDPSVSTPSSYPSLSEVFGRKRKKRTSIETNIRLTLEKRFQDNPKPSSEEISMIAEQLSMEKEVVRVWFCNRRQKEKRINCPVATPIKPPVYNSRLVS
159,HSF1,DLPVGPGAAGPSNVPAFLTKLWTLVSDPDTDALICWSPSGNSFHVFDQGQFAKEVLPKYFKHNNMASFVRQLNMYGFRKVVHIEQGGLVKPERDDTEFQHPCFLRGQEQLLENIKRKVTSVSTLKSEDIKIRQDSVTKLLTDVQLMKGKQECMDSKLLAMKHENEALWREVASLRQKHAQQQKVVNKLIQFLISLVQSNRILGVKRKIPLMLNDSGSAHSMPKYSR
160,SOHLH2,GNGLELNASLSEFEKNKKISLLHSSKEKLRRERIKYCCEQLRTLLPYVKGRKNDAASVLEATVDYVKYIREKISPAVMAQITEALQSNMRFCKKQQTPIELSLPGTVMAQRENSVMST
161,GATA3,SLLGGSPTGFGCKSRPKARSSTGRECVNCGATSTPLWRRDGTGHYLCNACGLYHKMNGQNRPLIKPKRRLSAARRAGTSCANCQTTTTTLWRRNANGDPVCNACGLYYKLHNINRPLTMKKEGIQTRNRKMSSKSKKCKKVHDS
162,MAFA,HHHHGGAGHGGGAGHHVRLEERFSDDQLVSMSVRELNRQLRGFSKEEVIRLKQKRRTLKNRGYAQSCRFKRVQQRHILESEKCQLQSQVEQLKLEVGRLAKERDLYKEKYEKLAGRGGPGSAGGAGFPREPS
163,CREB5,IYEESKMNLEQERPSVCSAPGCSQRFPTEDHLMIHRHKHEMTLKFPSIKTDNMLSDQTPTPTRFLKNCEEVGLFSELDCSLEHEFRKAQEEESSKRNISMHNAVGGAMTGPGTHQLSSARLPNHDTNVVIQQAMPSPQSSSVITQAPSTNRQIGPVPGSLSSLLHLHNRQRQPMPASMPGTLPNPTMPGSSAVLMPMERQMSVNSSIMGIEGPNLSNPCASPQVQPMHSEAKMRLKAALTHHPAAMSNGNMNTMGHMMEMMGSRQDQTPHHHMHSHPHQHQTLPPHHPYPHQHQHPAHHPHPQPHHQQNHPHHHSHSHLHAHPAHHQTSPHPPLHTGNQAQVSPATQQMQPTQTIQPPQPTGGRRRRVVDEDPDERRRKFLERNRAAATRCRQKRKVWVMSLEKKAEELTQTNMQLQNEVSMLKNEVAQLKQLLLTHKDCPITAMQKESQGYLSPESS
164,XBP1,TPKVLLLSGQPASAAGAPAGQALPLMVPAQRGASPEAASGGLPQARKRQRLTHLSPEEKALRRKLKNRVAAQTARDRKKARMSELEQQVVDLEEENQKLLLENQLLREKTHGLVVENQELRQRLGMDALVAEEEAEAK
165,FIGLA,QLAAVCRLKRLPSGGYSSTENLQLVLERRRVANAKERERIKNLNRGFARLKALVPFLPQSRKPSKVDILKGATEYIQVLSDLLEGAKDSKKQDPDEQSYSNNS
166,CREB3L4,VSELPFDAHAHILPRAGTVAPVPCTTLLPCQTLFLTDEEKRLLGQEGVSLPSHLPLTKAEERVLKKVRRKIRNKQSAQDSRRRKKEYIDGLESRVAACSAQNQELQKKVQELERHNISLVAQLRQLQTLIAQTSNKAAQTST
167,POU4F1,DSDTDPRELEAFAERFKQRRIKLGVTQADVGSALANLKIPGVGSLSQSTICRFESLTLSHNNMIALKPILQAWLEEAEGAQREKMNKPELFNGGEKKRKRTSIAAPEKRSLEAYFAVQPRPSSEKIAAIAEKLDLKKNVVRVWFCNQRQKQKRMKFSATY
168,ZIC1,PIKQELICKWIEPEQLANPKKSCNKTFSTMHELVTHVTVEHVGGPEQSNHICFWEECPREGKPFKAKYKLVNHIRVHTGEKPFPCPFPGCGKVFARSENLKIHKRTHTGEKPFKCEFEGCDRRFANSSDRKKHMHVHTSDKPYLCKMCDKSYTHPSSVRKHMKVHESSSQGSQPSPAASSGYESSTP
169,RFX2,SPIVSSAGAYLIHGGMDSTRHSLAHTSRSSPATLEMAIENLQKSEGITSHKSGLLNSHLQWLLDNYETAEGVSLPRSSLYNHYLRHCQEHKLDPVNAASFGKLIRSVFMGLRTRRLGTRGNSKYHYYGIRLKPDSPLNRLQEDTQYMAM
170,CREB1,QYAQTTDGQQILVPSNQVVVQAASGDVQTYQIRTAPTSTIAPGVVMASSPALPTQPAEEAARKREVRLMKNREAARECRRKKKEYVKCLENRVAVLENQNKTLIEELKALKDLYCHKSD
171,RFX1,GSTGGGGSGAGTYVIQGGYMLGSASQSYSHTTRASPATVQWLLDNYETAEGVSLPRSTLYCHYLLHCQEQKLEPVNAASFGKLIRSVFMGLRTRRLGTRGNSKYHYYGLRIKASSPLLRLMEDQQHMAMRG
172,MAF,GALHPHHAAGGLHFDDRFSDEQLVTMSVRELNRQLRGVSKEEVIRLKQKRRTLKNRGYAQSCRFKRVQQRHVLESEKNQLLQQVDHLKQEISRLVRERDAYKEKYEKLVSSGFRENGSSSDNPSSPEFF
173,TFE3,KREISETEAKALLKERQKKDNHNLIERRRRFNINDRIKELGTLIPKSSDPEMRWNKGTILKASVDYIRKLQKEQQRSKDLESRQRSLEQANRSLQLRIQELELQAQI
174,MAFG,NKGNKALKVKREPGENGTSLTDEELVTMSVRELNQHLRGLSKEEIVQLKQRRRTLKNRGYAASCRVKRVTQKEELEKQKAELQQEVEKLASENASMKLELDALRSKYEALQTFARTVARSPVAPARGPLA
175,JUND2,HFLEVKLGKRPQPVKSELDEEEERRKRRREKNKVAAARCRNKKKERTEFLQRESERLELMNAELKTQIEELKQERQQLILMLNRHRPTCIVRTDSVKTPES
176,NKX2-4,SSISRFMGPSAGVNVAGMGSLTGIADAAKSLGPLHAAAAAAAPRRKRRVLFSQAQVYELERRFKQQKYLSAPEREHLASMIHLTPTQVKIWFQNHRYKMKRQAKDKAAQQLQQEGGLGPPPPPPPSPRRVAVPV
177,CREM,ADGTQQFFVPGSQVVVQAATGDMPTYQIRAPTAALPQGVVMAASPGSLHSPQQLAEEATRKRELRLMKNREAAKECRRRKKEYVKCLESRVAVLEVQNKKLIEELETLKDICSPKTDY
178,HSF4,QEAPAALPTEPGPSPVPAFLGKLWALVGDPGTDHLIRWSPSGTSFLVSDQSRFAKEVLPQYFKHSNMASFVRQLNMYGFRKVVSIEQGGLLRPERDHVEFQHPSFVRGREQLLERVRRKVPALRGDDGRWRPEDLGRLLGEVQALRGVQESTEARLRELRQQNEILWREVVTLRQSHGQQHRVIGKLIQCLFGPLQAGPSNAGGKRKLSLMLDEGSSCPTPAKFNTCPLPG
179,CEBPE,NPLQYQVAHCGQTAMHLPPTLAAPGQPLRVLKAPLATAAPPCSPLLKAPSPAGPLHKGKKAVNKDSLEYRLRRERNNIAVRKSRDKAKRRILETQQKVLEYMAENERLRSRVEQLTQELDTLRNLFRQIPEAANLIKGVGGCS
180,TFEC,CPSSLPMKREITETDTRALAKERQKKDNHNLIERRRRYNINYRIKELGTLIPKSNDPDMRWNKGTILKASVEYIKWLQKEQQRARELEHRQKKLEQANRRLLLR
181,CEBPB,PAPSQVKSKAKKTVDKHSDEYKIRRERNNIAVRKSRDKAKMRNLETQHKVLELTAENERLQKKVEQLSRELSTLRNLFKQLPEPLLASSGHC
182,POU3F2,TAASNHYSLLTSSASIVHAEPPGGMQQGAGGYREAQSLVQGDYGALQSNGHPLSHAHQWITALSHGGGGGGGGGGGGGGGGGGGGGDGSPWSTSPLGQPDIKPSVVVQQGGRGDELHGPGALQQQHQQQQQQQQQQQQQQQQQQQQQRPPHLVHHAANHHPGPGAWRSAAAAAHLPPSMGASNGGLLYSQPSFTVNGMLGAGGQPAGLHHHGLRDAHDEPHHADHHPHPHSHPHQQPPPPPPPQGPPGHPGAHHDPHSDEDTPTSDDLEQFAKQFKQRRIKLGFTQADVGLALGTLYGNVFSQTTICRFEALQLSFKNMCKLKPLLNKWLEEADSSSGSPTSIDKIAAQGRKRKKRTSIEVSVKGALESHFLKCPKPSAQEITSLADSLQLEKEVVRVWFCNRRQKEKRMTPPGGTLPGAEDVYGGSRDTPPHHGVQT
183,RFX3,VTGGQLISSSGGTYLIGNSMENSGHSVTHTTRASPATIEMAIETLQKSDGLSTHRSSLLNSHLQWLLDNYETAEGVSLPRSTLYNHYLRHCQEHKLDPVNAASFGKLIRSIFMGLRTRRLGTRGNSKYHYYGIRVKPDSPLNRLQEDMQYMAMRQQP
184,DUXA,EDTYSHKMVKTNHRRCRTKFTEEQLKILINTFNQKPYPGYATKQKLALEINTEESRIQIWFQNRRARHGFQKRPEAETLESSQSQGQDQPGVEFQSREARRCRTTYSASQLHTLIKAFMKNPYPGIDSREELAKEIGVPESRVQIWFQNRRSRLLLQRKREPVASLEQEEQGKIPEGLQ
185,SOX18,SPPSPQRSPPRSPEPGRYGLSPAGRGERQAADESRIRRPMNAFMVWAKDERKRLAQQNPDLHNAVLSKMLGKAWKELNAAEKRPFVEEAERLRVQHLRDHPNYKYRPRRKKQARKARRLEPGL
186,SOX7,SDGQSPPAVPRPPGDKGSESRIRRPMNAFMVWAKDERKRLAVQNPDLHNAELSKMLGKSWKALTLSQKRPYVDEAERLRLQHMQDYPNYKYRPRRKKQAKRLCKRVDPGFLL
187,SOX10,YDWTLVPMPVRVNGASKSKPHVKRPMNAFMVWAQAARRKLADQYPHLHNAELSKTLGKLWRLLNESDKRPFIEEAERLRMQHKKDHPDYKYQPRRRKNGKAAQGEAECP
188,SOX11,ALDESDPDWCKTASGHIKRPMNAFMVWSKIERRKIMEQSPDMHNAEISKRLGKRWKMLKDSEKIPFIREAERLRLKHMADYPDYKYRPRKKPKMDPSAKPSASQSP
189,SOX12,EEGAREPGWCKTPSGHIKRPMNAFMVWSQHERRKIMDQWPDMHNAEISKRLGRRWQLLQDSEKIPFVREAERLRLKHMADYPDYKYRPRKKSKGAPAKARPRPPGGS
190,RFX5,SDNDKLYLYLQLPSGPTTGDKSSEPSTLSNEEYMYAYRWIRNHLEEHTDTCLPKQSVYDAYRKYCESLACCRPLSTANFGKIIREIFPDIKARRLGGRGQSKYCYSGIRRKTLVSMPPLPGLDLKGSESPEM
191,TBX2,HLRSLKSLEPEDEVEDDPKVTLEAKELWDQFHKLGTEMVITKSGRRMFPPFKVRVSGLDKKAKYILLMDIVAADDCRYKFHNSRWMVAGKADPEMPKRMYIHPDSPATGEQWMAKPVAFHKLKLTNNISDKHGFTILNSMHKYQPRFHIVRANDILKLPYSTFRTYVFPETDFIAVTAYQNDKITQLKIDNNPFAKGFRDTGNGRREKRKQLTLPSLRLYEEH
192,BHLHA15,AARAPGEGRRRRPGPSGPGGRRDSSIQRRLESNERERQRMHKLNNAFQALREVIPHVRADKKLSKIETLTLAKNYIKSLTATILTMSSSRLPGLEGPGPKLYQHYQQQQQVAGGA
193,SOX2,GGGNSTAAAAGGNQKNSPDRVKRPMNAFMVWSRGQRRKMAQENPKMHNSEISKRLGAEWKLLSETEKRPFIDEAKRLRALHMKEHPDYKYRPRRKTKTLMKKDKYTLPGG
194,BHLHB8,AARAPGEGRRRRPGPSGPGGRRDSSIQRRLESNERERQRMHKLNNAFQALREVIPHVRADKKLSKIETLTLAKNYIKSLTATILTMSSSRLPGLEGPGPKLYQHYQQQQQVAGGA
